[2026-08-25 22:00:01] 🔽 === AUTO-PULL 開始 ===
[2026-08-25 22:00:01] 🔽 === AUTO-PULL 開始 ===
[2026-08-25 22:00:02]   ✓ fuuchanpapa-artist-site: 最新 (変更なし)
[2026-08-25 22:00:02]   ✓ fuuchanpapa-artist-site: 最新 (変更なし)
[2026-08-25 22:00:05]   ✓ guitar-vision: 最新 (変更なし)
[2026-08-25 22:00:05]   ✓ guitar-vision: 最新 (変更なし)
[2026-08-25 22:00:05]   ✓ project-hub: 最新 (変更なし)
[2026-08-25 22:00:05]   ✓ project-hub: 最新 (変更なし)
[2026-08-25 22:00:06]   ✓ suno-beat-studio: 最新 (変更なし)
[2026-08-25 22:00:06]   ✓ suno-beat-studio: 最新 (変更なし)
[2026-08-25 22:00:06] 🔽 PULL完了: 成功=4, 失敗=0
[2026-08-25 22:00:06] 🔽 PULL完了: 成功=4, 失敗=0

[2026-08-25 22:00:06] 🔼 === AUTO-PUSH 開始 ===
[2026-08-25 22:00:06] 🔼 === AUTO-PUSH 開始 ===
[2026-08-25 22:00:06] 🔼 PUSH: 変更なし (全4プロジェクト最新)
[2026-08-25 22:00:06] 🔼 PUSH: 変更なし (全4プロジェクト最新)
[2026-08-25 22:15:01] 🔽 === AUTO-PULL 開始 ===
[2026-08-25 22:15:01] 🔽 === AUTO-PULL 開始 ===
[2026-08-25 22:15:02]   ✓ fuuchanpapa-artist-site: 最新 (変更なし)
[2026-08-25 22:15:02]   ✓ fuuchanpapa-artist-site: 最新 (変更なし)
[2026-08-25 22:15:03]   ✓ guitar-vision: 最新 (変更なし)
[2026-08-25 22:15:03]   ✓ guitar-vision: 最新 (変更なし)
[2026-08-25 22:15:04]   ✓ project-hub: 最新 (変更なし)
[2026-08-25 22:15:04]   ✓ project-hub: 最新 (変更なし)
[2026-08-25 22:15:04]   ✓ suno-beat-studio: 最新 (変更なし)
[2026-08-25 22:15:04]   ✓ suno-beat-studio: 最新 (変更なし)
[2026-08-25 22:15:04] 🔽 PULL完了: 成功=4, 失敗=0
[2026-08-25 22:15:04] 🔽 PULL完了: 成功=4, 失敗=0

[2026-08-25 22:15:04] 🔼 === AUTO-PUSH 開始 ===
[2026-08-25 22:15:04] 🔼 === AUTO-PUSH 開始 ===
[2026-08-25 22:15:04] 🔼 PUSH: 変更なし (全4プロジェクト最新)
[2026-08-25 22:15:04] 🔼 PUSH: 変更なし (全4プロジェクト最新)
[2026-08-25 22:30:01] 🔽 === AUTO-PULL 開始 ===
[2026-08-25 22:30:01] 🔽 === AUTO-PULL 開始 ===
[2026-08-25 22:30:01]   ✓ fuuchanpapa-artist-site: 最新 (変更なし)
[2026-08-25 22:30:01]   ✓ fuuchanpapa-artist-site: 最新 (変更なし)
[2026-08-25 22:30:03]   ✓ guitar-vision: 最新 (変更なし)
[2026-08-25 22:30:03]   ✓ guitar-vision: 最新 (変更なし)
[2026-08-25 22:30:03]   ✓ project-hub: 最新 (変更なし)
[2026-08-25 22:30:03]   ✓ project-hub: 最新 (変更なし)
[2026-08-25 22:30:04]   ✓ suno-beat-studio: 最新 (変更なし)
[2026-08-25 22:30:04]   ✓ suno-beat-studio: 最新 (変更なし)
[2026-08-25 22:30:04] 🔽 PULL完了: 成功=4, 失敗=0
[2026-08-25 22:30:04] 🔽 PULL完了: 成功=4, 失敗=0

[2026-08-25 22:30:04] 🔼 === AUTO-PUSH 開始 ===
[2026-08-25 22:30:04] 🔼 === AUTO-PUSH 開始 ===
[2026-08-25 22:30:04] 🔼 PUSH: 変更なし (全4プロジェクト最新)
[2026-08-25 22:30:04] 🔼 PUSH: 変更なし (全4プロジェクト最新)
[2026-08-25 22:32:26] 🔽 === AUTO-PULL 開始 ===
[2026-08-25 22:32:27]   ✓ fuuchanpapa-artist-site: 最新 (変更なし)
[2026-08-25 22:32:28]   ✓ guitar-vision: 最新 (変更なし)
[2026-08-25 22:32:28]   ✓ project-hub: 最新 (変更なし)
[2026-09-01 18:52:46] 🔽 === AUTO-PULL 開始 ===
[2026-09-01 18:52:49]   ✅ fuuchanpapa-artist-site: 更新を取得しました
[2026-09-01 18:52:50]   ✓ guitar-vision: 最新 (変更なし)
[2026-09-01 18:52:51]   ✓ project-hub: 最新 (変更なし)
[2026-09-01 18:52:53]   ✓ suno-beat-studio: 最新 (変更なし)
[2026-09-01 18:52:53] 🔽 PULL完了: 成功=4, 失敗=0
[2026-09-01 18:53:07] 🔽 === AUTO-PULL 開始 ===
[2026-09-01 18:53:09]   ✓ fuuchanpapa-artist-site: 最新 (変更なし)
[2026-09-01 18:53:09]   ✓ guitar-vision: 最新 (変更なし)
[2026-09-01 18:53:11]   ✓ project-hub: 最新 (変更なし)
[2026-09-01 18:53:16]   ✓ suno-beat-studio: 最新 (変更なし)
[2026-09-01 18:53:16] 🔽 PULL完了: 成功=4, 失敗=0
[2026-09-01 18:53:44] 🔽 === AUTO-PULL 開始 ===
[2026-09-01 18:53:45]   ✓ fuuchanpapa-artist-site: 最新 (変更なし)
[2026-09-01 18:53:46]   ✓ guitar-vision: 最新 (変更なし)
[2026-09-01 18:53:47]   ✓ project-hub: 最新 (変更なし)
[2026-09-01 18:53:49]   ✓ suno-beat-studio: 最新 (変更なし)
[2026-09-01 18:53:49] 🔽 PULL完了: 成功=4, 失敗=0
[2026-09-01 18:53:53] 🔽 === AUTO-PULL 開始 ===
[2026-09-01 18:53:54] 🔽 === AUTO-PULL 開始 ===
[2026-09-01 18:53:55]   ✓ fuuchanpapa-artist-site: 最新 (変更なし)
[2026-09-01 18:53:55]   ✓ fuuchanpapa-artist-site: 最新 (変更なし)
[2026-09-01 18:53:57]   ✓ guitar-vision: 最新 (変更なし)
[2026-09-01 18:53:57]   ✓ guitar-vision: 最新 (変更なし)
[2026-09-01 18:53:58]   ✓ project-hub: 最新 (変更なし)
[2026-09-01 18:53:59]   ✓ project-hub: 最新 (変更なし)
[2026-09-01 18:53:59]   ✓ suno-beat-studio: 最新 (変更なし)
[2026-09-01 18:53:59] 🔽 PULL完了: 成功=4, 失敗=0
[2026-09-01 18:53:59]   ✓ suno-beat-studio: 最新 (変更なし)
[2026-09-01 18:53:59] 🔽 PULL完了: 成功=4, 失敗=0
[2026-09-01 19:00:01] 🔽 === AUTO-PULL 開始 ===
[2026-09-01 19:00:01] 🔽 === AUTO-PULL 開始 ===
[2026-09-01 19:00:03]   ✓ fuuchanpapa-artist-site: 最新 (変更なし)
[2026-09-01 19:00:03]   ✓ fuuchanpapa-artist-site: 最新 (変更なし)
[2026-09-01 19:00:04]   ✓ guitar-vision: 最新 (変更なし)
[2026-09-01 19:00:04]   ✓ guitar-vision: 最新 (変更なし)
[2026-09-01 19:00:06]   ✓ project-hub: 最新 (変更なし)
[2026-09-01 19:00:06]   ✓ project-hub: 最新 (変更なし)
[2026-09-01 19:00:07]   ✓ suno-beat-studio: 最新 (変更なし)
[2026-09-01 19:00:07]   ✓ suno-beat-studio: 最新 (変更なし)
[2026-09-01 19:00:07] 🔽 PULL完了: 成功=4, 失敗=0
[2026-09-01 19:00:07] 🔽 PULL完了: 成功=4, 失敗=0

[2026-09-01 19:00:07] 🔼 === AUTO-PUSH 開始 ===
[2026-09-01 19:00:07] 🔼 === AUTO-PUSH 開始 ===
[2026-09-01 19:00:07] 🔼 PUSH: 変更なし (全4プロジェクト最新)
[2026-09-01 19:00:07] 🔼 PUSH: 変更なし (全4プロジェクト最新)
[2026-09-01 19:15:01] 🔽 === AUTO-PULL 開始 ===
[2026-09-01 19:15:01] 🔽 === AUTO-PULL 開始 ===
[2026-09-01 19:15:02]   ✓ fuuchanpapa-artist-site: 最新 (変更なし)
[2026-09-01 19:15:02]   ✓ fuuchanpapa-artist-site: 最新 (変更なし)
[2026-09-01 19:15:03]   ✓ guitar-vision: 最新 (変更なし)
[2026-09-01 19:15:03]   ✓ guitar-vision: 最新 (変更なし)
[2026-09-01 19:15:04]   ✓ project-hub: 最新 (変更なし)
[2026-09-01 19:15:04]   ✓ project-hub: 最新 (変更なし)
[2026-09-01 19:15:05]   ✓ suno-beat-studio: 最新 (変更なし)
[2026-09-01 19:15:05]   ✓ suno-beat-studio: 最新 (変更なし)
[2026-09-01 19:15:05] 🔽 PULL完了: 成功=4, 失敗=0
[2026-09-01 19:15:05] 🔽 PULL完了: 成功=4, 失敗=0

[2026-09-01 19:15:05] 🔼 === AUTO-PUSH 開始 ===
[2026-09-01 19:15:05] 🔼 === AUTO-PUSH 開始 ===
[2026-09-01 19:15:05] 🔼 PUSH: 変更なし (全4プロジェクト最新)
[2026-09-01 19:15:05] 🔼 PUSH: 変更なし (全4プロジェクト最新)
[2026-09-01 19:30:01] 🔽 === AUTO-PULL 開始 ===
[2026-09-01 19:30:01] 🔽 === AUTO-PULL 開始 ===
[2026-09-01 19:30:02]   ✓ fuuchanpapa-artist-site: 最新 (変更なし)
[2026-09-01 19:30:02]   ✓ fuuchanpapa-artist-site: 最新 (変更なし)
[2026-09-01 19:30:03]   ✓ guitar-vision: 最新 (変更なし)
[2026-09-01 19:30:03]   ✓ guitar-vision: 最新 (変更なし)
[2026-09-01 19:30:04]   ✓ project-hub: 最新 (変更なし)
[2026-09-01 19:30:04]   ✓ project-hub: 最新 (変更なし)
[2026-09-01 19:30:05]   ✓ suno-beat-studio: 最新 (変更なし)
[2026-09-01 19:30:05]   ✓ suno-beat-studio: 最新 (変更なし)
[2026-09-01 19:30:05] 🔽 PULL完了: 成功=4, 失敗=0
[2026-09-01 19:30:05] 🔽 PULL完了: 成功=4, 失敗=0

[2026-09-01 19:30:05] 🔼 === AUTO-PUSH 開始 ===
[2026-09-01 19:30:05] 🔼 === AUTO-PUSH 開始 ===
[2026-09-01 19:30:05] 🔼 PUSH: 変更なし (全4プロジェクト最新)
[2026-09-01 19:30:05] 🔼 PUSH: 変更なし (全4プロジェクト最新)
[2026-09-01 19:45:01] 🔽 === AUTO-PULL 開始 ===
[2026-09-01 19:45:01] 🔽 === AUTO-PULL 開始 ===
[2026-09-01 19:45:02]   ✓ fuuchanpapa-artist-site: 最新 (変更なし)
[2026-09-01 19:45:02]   ✓ fuuchanpapa-artist-site: 最新 (変更なし)
[2026-09-01 19:45:03]   ✓ guitar-vision: 最新 (変更なし)
[2026-09-01 19:45:03]   ✓ guitar-vision: 最新 (変更なし)
[2026-09-01 19:45:04]   ✓ project-hub: 最新 (変更なし)
[2026-09-01 19:45:04]   ✓ project-hub: 最新 (変更なし)
[2026-09-01 19:45:05]   ✓ suno-beat-studio: 最新 (変更なし)
[2026-09-01 19:45:05]   ✓ suno-beat-studio: 最新 (変更なし)
[2026-09-01 19:45:05] 🔽 PULL完了: 成功=4, 失敗=0
[2026-09-01 19:45:05] 🔽 PULL完了: 成功=4, 失敗=0

[2026-09-01 19:45:05] 🔼 === AUTO-PUSH 開始 ===
[2026-09-01 19:45:05] 🔼 === AUTO-PUSH 開始 ===
[2026-09-01 19:45:05] 🔼 PUSH: 変更なし (全4プロジェクト最新)
[2026-09-01 19:45:05] 🔼 PUSH: 変更なし (全4プロジェクト最新)
[2026-09-01 20:00:01] 🔽 === AUTO-PULL 開始 ===
[2026-09-01 20:00:01] 🔽 === AUTO-PULL 開始 ===
[2026-09-01 20:00:03]   ✓ fuuchanpapa-artist-site: 最新 (変更なし)
[2026-09-01 20:00:03]   ✓ fuuchanpapa-artist-site: 最新 (変更なし)
[2026-09-01 20:00:05]   ✓ guitar-vision: 最新 (変更なし)
[2026-09-01 20:00:05]   ✓ guitar-vision: 最新 (変更なし)
[2026-09-01 20:00:06]   ✓ project-hub: 最新 (変更なし)
[2026-09-01 20:00:06]   ✓ project-hub: 最新 (変更なし)
[2026-09-01 20:00:07]   ✓ suno-beat-studio: 最新 (変更なし)
[2026-09-01 20:00:07]   ✓ suno-beat-studio: 最新 (変更なし)
[2026-09-01 20:00:07] 🔽 PULL完了: 成功=4, 失敗=0
[2026-09-01 20:00:07] 🔽 PULL完了: 成功=4, 失敗=0

[2026-09-01 20:00:07] 🔼 === AUTO-PUSH 開始 ===
[2026-09-01 20:00:07] 🔼 === AUTO-PUSH 開始 ===
[2026-09-01 20:00:07] 🔼 PUSH: 変更なし (全4プロジェクト最新)
[2026-09-01 20:00:07] 🔼 PUSH: 変更なし (全4プロジェクト最新)
[2026-09-01 20:15:01] 🔽 === AUTO-PULL 開始 ===
[2026-09-01 20:15:01] 🔽 === AUTO-PULL 開始 ===
[2026-09-01 20:15:02]   ✓ fuuchanpapa-artist-site: 最新 (変更なし)
[2026-09-01 20:15:02]   ✓ fuuchanpapa-artist-site: 最新 (変更なし)
[2026-09-01 20:15:03]   ✓ guitar-vision: 最新 (変更なし)
[2026-09-01 20:15:03]   ✓ guitar-vision: 最新 (変更なし)
[2026-09-01 20:15:04]   ✓ project-hub: 最新 (変更なし)
[2026-09-01 20:15:04]   ✓ project-hub: 最新 (変更なし)
[2026-09-01 20:15:05]   ✓ suno-beat-studio: 最新 (変更なし)
[2026-09-01 20:15:05]   ✓ suno-beat-studio: 最新 (変更なし)
[2026-09-01 20:15:05] 🔽 PULL完了: 成功=4, 失敗=0
[2026-09-01 20:15:05] 🔽 PULL完了: 成功=4, 失敗=0

[2026-09-01 20:15:05] 🔼 === AUTO-PUSH 開始 ===
[2026-09-01 20:15:05] 🔼 === AUTO-PUSH 開始 ===
[2026-09-01 20:15:05] 🔼 PUSH: 変更なし (全4プロジェクト最新)
[2026-09-01 20:15:05] 🔼 PUSH: 変更なし (全4プロジェクト最新)
[2026-09-01 20:30:01] 🔽 === AUTO-PULL 開始 ===
[2026-09-01 20:30:01] 🔽 === AUTO-PULL 開始 ===
[2026-09-01 20:30:03]   ✓ fuuchanpapa-artist-site: 最新 (変更なし)
[2026-09-01 20:30:03]   ✓ fuuchanpapa-artist-site: 最新 (変更なし)
[2026-09-01 20:30:04]   ✓ guitar-vision: 最新 (変更なし)
[2026-09-01 20:30:04]   ✓ guitar-vision: 最新 (変更なし)
[2026-09-01 20:30:05]   ✓ project-hub: 最新 (変更なし)
[2026-09-01 20:30:05]   ✓ project-hub: 最新 (変更なし)
[2026-09-01 20:30:06]   ✓ suno-beat-studio: 最新 (変更なし)
[2026-09-01 20:30:06]   ✓ suno-beat-studio: 最新 (変更なし)
[2026-09-01 20:30:06] 🔽 PULL完了: 成功=4, 失敗=0
[2026-09-01 20:30:06] 🔽 PULL完了: 成功=4, 失敗=0

[2026-09-01 20:30:06] 🔼 === AUTO-PUSH 開始 ===
[2026-09-01 20:30:06] 🔼 === AUTO-PUSH 開始 ===
[2026-09-01 20:30:06] 🔼 PUSH: 変更なし (全4プロジェクト最新)
[2026-09-01 20:30:06] 🔼 PUSH: 変更なし (全4プロジェクト最新)
[2026-09-01 20:45:01] 🔽 === AUTO-PULL 開始 ===
[2026-09-01 20:45:01] 🔽 === AUTO-PULL 開始 ===
[2026-09-01 20:45:02]   ✓ fuuchanpapa-artist-site: 最新 (変更なし)
[2026-09-01 20:45:02]   ✓ fuuchanpapa-artist-site: 最新 (変更なし)
[2026-09-01 20:45:03]   ✓ guitar-vision: 最新 (変更なし)
[2026-09-01 20:45:03]   ✓ guitar-vision: 最新 (変更なし)
[2026-09-01 20:45:04]   ✓ project-hub: 最新 (変更なし)
[2026-09-01 20:45:04]   ✓ project-hub: 最新 (変更なし)
[2026-09-01 20:45:05]   ✓ suno-beat-studio: 最新 (変更なし)
[2026-09-01 20:45:05]   ✓ suno-beat-studio: 最新 (変更なし)
[2026-09-01 20:45:05] 🔽 PULL完了: 成功=4, 失敗=0
[2026-09-01 20:45:05] 🔽 PULL完了: 成功=4, 失敗=0

[2026-09-01 20:45:05] 🔼 === AUTO-PUSH 開始 ===
[2026-09-01 20:45:05] 🔼 === AUTO-PUSH 開始 ===
[2026-09-01 20:45:05] 🔼 PUSH: 変更なし (全4プロジェクト最新)
[2026-09-01 20:45:05] 🔼 PUSH: 変更なし (全4プロジェクト最新)
[2026-09-01 21:00:01] 🔽 === AUTO-PULL 開始 ===
[2026-09-01 21:00:01] 🔽 === AUTO-PULL 開始 ===
[2026-09-01 21:00:03]   ✓ fuuchanpapa-artist-site: 最新 (変更なし)
[2026-09-01 21:00:03]   ✓ fuuchanpapa-artist-site: 最新 (変更なし)
[2026-09-01 21:00:04]   ✓ guitar-vision: 最新 (変更なし)
[2026-09-01 21:00:04]   ✓ guitar-vision: 最新 (変更なし)
[2026-09-01 21:00:05]   ✓ project-hub: 最新 (変更なし)
[2026-09-01 21:00:05]   ✓ project-hub: 最新 (変更なし)
[2026-09-01 21:00:06]   ✓ suno-beat-studio: 最新 (変更なし)
[2026-09-01 21:00:06]   ✓ suno-beat-studio: 最新 (変更なし)
[2026-09-01 21:00:06] 🔽 PULL完了: 成功=4, 失敗=0
[2026-09-01 21:00:06] 🔽 PULL完了: 成功=4, 失敗=0

[2026-09-01 21:00:06] 🔼 === AUTO-PUSH 開始 ===
[2026-09-01 21:00:06] 🔼 === AUTO-PUSH 開始 ===
[2026-09-01 21:00:06] 🔼 PUSH: 変更なし (全4プロジェクト最新)
[2026-09-01 21:00:06] 🔼 PUSH: 変更なし (全4プロジェクト最新)
[2026-09-01 21:15:01] 🔽 === AUTO-PULL 開始 ===
[2026-09-01 21:15:01] 🔽 === AUTO-PULL 開始 ===
[2026-09-01 21:15:03]   ✓ fuuchanpapa-artist-site: 最新 (変更なし)
[2026-09-01 21:15:03]   ✓ fuuchanpapa-artist-site: 最新 (変更なし)
[2026-09-01 21:15:04]   ✓ guitar-vision: 最新 (変更なし)
[2026-09-01 21:15:04]   ✓ guitar-vision: 最新 (変更なし)
[2026-09-01 21:15:05]   ✓ project-hub: 最新 (変更なし)
[2026-09-01 21:15:05]   ✓ project-hub: 最新 (変更なし)
[2026-09-01 21:15:06]   ✓ suno-beat-studio: 最新 (変更なし)
[2026-09-01 21:15:06]   ✓ suno-beat-studio: 最新 (変更なし)
[2026-09-01 21:15:06] 🔽 PULL完了: 成功=4, 失敗=0
[2026-09-01 21:15:06] 🔽 PULL完了: 成功=4, 失敗=0

[2026-09-01 21:15:06] 🔼 === AUTO-PUSH 開始 ===
[2026-09-01 21:15:06] 🔼 === AUTO-PUSH 開始 ===
[2026-09-01 21:15:06] 🔼 PUSH: 変更なし (全4プロジェクト最新)
[2026-09-01 21:15:06] 🔼 PUSH: 変更なし (全4プロジェクト最新)
[2026-09-01 21:30:01] 🔽 === AUTO-PULL 開始 ===
[2026-09-01 21:30:01] 🔽 === AUTO-PULL 開始 ===
[2026-09-01 21:30:02]   ✓ fuuchanpapa-artist-site: 最新 (変更なし)
[2026-09-01 21:30:02]   ✓ fuuchanpapa-artist-site: 最新 (変更なし)
[2026-09-01 21:30:04]   ✓ guitar-vision: 最新 (変更なし)
[2026-09-01 21:30:04]   ✓ guitar-vision: 最新 (変更なし)
[2026-09-01 21:30:05]   ✓ project-hub: 最新 (変更なし)
[2026-09-01 21:30:05]   ✓ project-hub: 最新 (変更なし)
[2026-09-01 21:30:06]   ✓ suno-beat-studio: 最新 (変更なし)
[2026-09-01 21:30:06]   ✓ suno-beat-studio: 最新 (変更なし)
[2026-09-01 21:30:06] 🔽 PULL完了: 成功=4, 失敗=0
[2026-09-01 21:30:06] 🔽 PULL完了: 成功=4, 失敗=0

[2026-09-01 21:30:06] 🔼 === AUTO-PUSH 開始 ===
[2026-09-01 21:30:06] 🔼 === AUTO-PUSH 開始 ===
[2026-09-01 21:30:06] 🔼 PUSH: 変更なし (全4プロジェクト最新)
[2026-09-01 21:30:06] 🔼 PUSH: 変更なし (全4プロジェクト最新)
[2026-09-01 21:45:01] 🔽 === AUTO-PULL 開始 ===
[2026-09-01 21:45:01] 🔽 === AUTO-PULL 開始 ===
[2026-09-01 21:45:02]   ✓ fuuchanpapa-artist-site: 最新 (変更なし)
[2026-09-01 21:45:02]   ✓ fuuchanpapa-artist-site: 最新 (変更なし)
[2026-09-01 21:45:03]   ✓ guitar-vision: 最新 (変更なし)
[2026-09-01 21:45:03]   ✓ guitar-vision: 最新 (変更なし)
[2026-09-01 21:45:04]   ✓ project-hub: 最新 (変更なし)
[2026-09-01 21:45:04]   ✓ project-hub: 最新 (変更なし)
[2026-09-01 21:45:05]   ✓ suno-beat-studio: 最新 (変更なし)
[2026-09-01 21:45:05]   ✓ suno-beat-studio: 最新 (変更なし)
[2026-09-01 21:45:05] 🔽 PULL完了: 成功=4, 失敗=0
[2026-09-01 21:45:05] 🔽 PULL完了: 成功=4, 失敗=0

[2026-09-01 21:45:05] 🔼 === AUTO-PUSH 開始 ===
[2026-09-01 21:45:05] 🔼 === AUTO-PUSH 開始 ===
[2026-09-01 21:45:05] 🔼 PUSH: 変更なし (全4プロジェクト最新)
[2026-09-01 21:45:05] 🔼 PUSH: 変更なし (全4プロジェクト最新)
[2026-09-01 22:30:01] 🔽 === AUTO-PULL 開始 ===
[2026-09-01 22:30:01] 🔽 === AUTO-PULL 開始 ===
[2026-09-01 22:30:02]   ✓ fuuchanpapa-artist-site: 最新 (変更なし)
[2026-09-01 22:30:02]   ✓ fuuchanpapa-artist-site: 最新 (変更なし)
[2026-09-01 22:30:03]   ✓ guitar-vision: 最新 (変更なし)
[2026-09-01 22:30:03]   ✓ guitar-vision: 最新 (変更なし)
[2026-09-01 22:30:05]   ✓ project-hub: 最新 (変更なし)
[2026-09-01 22:30:05]   ✓ project-hub: 最新 (変更なし)
[2026-09-01 22:30:06]   ✓ suno-beat-studio: 最新 (変更なし)
[2026-09-01 22:30:06]   ✓ suno-beat-studio: 最新 (変更なし)
[2026-09-01 22:30:06] 🔽 PULL完了: 成功=4, 失敗=0
[2026-09-01 22:30:06] 🔽 PULL完了: 成功=4, 失敗=0

[2026-09-01 22:30:06] 🔼 === AUTO-PUSH 開始 ===
[2026-09-01 22:30:06] 🔼 === AUTO-PUSH 開始 ===
[2026-09-01 22:30:06] 🔼 PUSH: 変更なし (全4プロジェクト最新)
[2026-09-01 22:30:06] 🔼 PUSH: 変更なし (全4プロジェクト最新)
[2026-09-01 22:45:35] 🔽 === AUTO-PULL 開始 ===
[2026-09-01 22:45:36]   ✓ fuuchanpapa-artist-site: 最新 (変更なし)
[2026-09-01 22:45:37]   ✓ guitar-vision: 最新 (変更なし)
[2026-09-01 22:45:39]   ✓ project-hub: 最新 (変更なし)
[2026-09-01 22:45:43]   ✓ suno-beat-studio: 最新 (変更なし)
[2026-09-01 22:45:43] 🔽 PULL完了: 成功=4, 失敗=0
[2026-09-01 22:52:01] 🔽 === AUTO-PULL 開始 ===
[2026-09-01 22:52:03]   ✓ fuuchanpapa-artist-site: 最新 (変更なし)
[2026-09-01 22:52:04]   ✓ guitar-vision: 最新 (変更なし)
[2026-09-01 22:52:05]   ✓ project-hub: 最新 (変更なし)
[2026-09-01 22:52:06]   ✓ suno-beat-studio: 最新 (変更なし)
[2026-09-01 22:52:06] 🔽 PULL完了: 成功=4, 失敗=0
[2026-09-01 22:52:08] 🔽 === AUTO-PULL 開始 ===
[2026-09-01 22:52:09]   ✓ fuuchanpapa-artist-site: 最新 (変更なし)
[2026-09-01 22:52:10]   ✓ guitar-vision: 最新 (変更なし)
[2026-09-01 22:52:11] 🔽 === AUTO-PULL 開始 ===
[2026-09-01 22:52:11]   ✓ project-hub: 最新 (変更なし)
[2026-09-01 22:52:11]   ✓ fuuchanpapa-artist-site: 最新 (変更なし)
[2026-09-01 22:52:12]   ✓ suno-beat-studio: 最新 (変更なし)
[2026-09-01 22:52:12]   ✓ guitar-vision: 最新 (変更なし)
[2026-09-01 22:52:12] 🔽 PULL完了: 成功=4, 失敗=0
[2026-09-01 22:52:13]   ✓ project-hub: 最新 (変更なし)
[2026-09-01 23:00:02] 🔽 === AUTO-PULL 開始 ===
[2026-09-01 23:00:02] 🔽 === AUTO-PULL 開始 ===
[2026-09-01 23:00:05]   ✓ fuuchanpapa-artist-site: 最新 (変更なし)
[2026-09-01 23:00:05]   ✓ fuuchanpapa-artist-site: 最新 (変更なし)
[2026-09-01 23:00:07]   ✓ guitar-vision: 最新 (変更なし)
[2026-09-01 23:00:07]   ✓ guitar-vision: 最新 (変更なし)
[2026-09-01 23:00:11]   ✓ project-hub: 最新 (変更なし)
[2026-09-01 23:00:11]   ✓ project-hub: 最新 (変更なし)
[2026-09-01 23:00:15]   ✓ suno-beat-studio: 最新 (変更なし)
[2026-09-01 23:00:15]   ✓ suno-beat-studio: 最新 (変更なし)
[2026-09-01 23:00:15] 🔽 PULL完了: 成功=4, 失敗=0
[2026-09-01 23:00:15] 🔽 PULL完了: 成功=4, 失敗=0

[2026-09-01 23:00:15] 🔼 === AUTO-PUSH 開始 ===
[2026-09-01 23:00:15] 🔼 === AUTO-PUSH 開始 ===
[main fe24381] 🔄 Auto-sync from penguin: 変更2件(09/01 23:00)
 2 files changed, 77 insertions(+), 7 deletions(-)
[2026-09-01 23:00:19]   ✅ guitar-vision: push完了 (変更2件)
[2026-09-01 23:00:19]   ✅ guitar-vision: push完了 (変更2件)
[2026-09-01 23:00:19] 🔼 PUSH完了: push=1, スキップ=3
[2026-09-01 23:00:19] 🔼 PUSH完了: push=1, スキップ=3
[2026-09-01 23:15:01] 🔽 === AUTO-PULL 開始 ===
[2026-09-01 23:15:01] 🔽 === AUTO-PULL 開始 ===
[2026-09-01 23:15:02]   ✓ fuuchanpapa-artist-site: 最新 (変更なし)
[2026-09-01 23:15:02]   ✓ fuuchanpapa-artist-site: 最新 (変更なし)
[2026-09-01 23:15:03]   ✓ guitar-vision: 最新 (変更なし)
[2026-09-01 23:15:03]   ✓ guitar-vision: 最新 (変更なし)
[2026-09-01 23:15:05]   ✓ project-hub: 最新 (変更なし)
[2026-09-01 23:15:05]   ✓ project-hub: 最新 (変更なし)
[2026-09-01 23:15:06]   ✓ suno-beat-studio: 最新 (変更なし)
[2026-09-01 23:15:06]   ✓ suno-beat-studio: 最新 (変更なし)
[2026-09-01 23:15:06] 🔽 PULL完了: 成功=4, 失敗=0
[2026-09-01 23:15:06] 🔽 PULL完了: 成功=4, 失敗=0

[2026-09-01 23:15:06] 🔼 === AUTO-PUSH 開始 ===
[2026-09-01 23:15:06] 🔼 === AUTO-PUSH 開始 ===
[main 25f5d11] 🔄 Auto-sync from penguin: 変更5件(09/01 23:15)
 5 files changed, 189 insertions(+), 18 deletions(-)
[2026-09-01 23:15:08]   ✅ guitar-vision: push完了 (変更5件)
[2026-09-01 23:15:08]   ✅ guitar-vision: push完了 (変更5件)
[2026-09-01 23:15:08] 🔼 PUSH完了: push=1, スキップ=3
[2026-09-01 23:15:08] 🔼 PUSH完了: push=1, スキップ=3
[2026-09-01 23:30:01] 🔽 === AUTO-PULL 開始 ===
[2026-09-01 23:30:01] 🔽 === AUTO-PULL 開始 ===
[2026-09-01 23:30:04]   ✓ fuuchanpapa-artist-site: 最新 (変更なし)
[2026-09-01 23:30:04]   ✓ fuuchanpapa-artist-site: 最新 (変更なし)
[2026-09-01 23:30:05]   ✓ guitar-vision: 最新 (変更なし)
[2026-09-01 23:30:05]   ✓ guitar-vision: 最新 (変更なし)
[2026-09-01 23:30:06]   ✓ project-hub: 最新 (変更なし)
[2026-09-01 23:30:06]   ✓ project-hub: 最新 (変更なし)
[2026-09-01 23:30:07]   ✓ suno-beat-studio: 最新 (変更なし)
[2026-09-01 23:30:07]   ✓ suno-beat-studio: 最新 (変更なし)
[2026-09-01 23:30:07] 🔽 PULL完了: 成功=4, 失敗=0
[2026-09-01 23:30:07] 🔽 PULL完了: 成功=4, 失敗=0

[2026-09-01 23:30:07] 🔼 === AUTO-PUSH 開始 ===
[2026-09-01 23:30:07] 🔼 === AUTO-PUSH 開始 ===
[2026-09-01 23:30:07] 🔼 PUSH: 変更なし (全4プロジェクト最新)
[2026-09-01 23:30:07] 🔼 PUSH: 変更なし (全4プロジェクト最新)
[2026-09-01 23:45:01] 🔽 === AUTO-PULL 開始 ===
[2026-09-01 23:45:01] 🔽 === AUTO-PULL 開始 ===
[2026-09-01 23:45:08]   ✓ fuuchanpapa-artist-site: 最新 (変更なし)
[2026-09-01 23:45:08]   ✓ fuuchanpapa-artist-site: 最新 (変更なし)
[2026-09-01 23:45:10]   ✓ guitar-vision: 最新 (変更なし)
[2026-09-01 23:45:10]   ✓ guitar-vision: 最新 (変更なし)
[2026-09-01 23:45:13]   ✓ project-hub: 最新 (変更なし)
[2026-09-01 23:45:13]   ✓ project-hub: 最新 (変更なし)
[2026-09-01 23:45:13]   ✓ suno-beat-studio: 最新 (変更なし)
[2026-09-01 23:45:13]   ✓ suno-beat-studio: 最新 (変更なし)
[2026-09-01 23:45:13] 🔽 PULL完了: 成功=4, 失敗=0
[2026-09-01 23:45:13] 🔽 PULL完了: 成功=4, 失敗=0

[2026-09-01 23:45:13] 🔼 === AUTO-PUSH 開始 ===
[2026-09-01 23:45:13] 🔼 === AUTO-PUSH 開始 ===
[2026-09-01 23:45:13] 🔼 PUSH: 変更なし (全4プロジェクト最新)
[2026-09-01 23:45:13] 🔼 PUSH: 変更なし (全4プロジェクト最新)
[2026-09-02 00:00:01] 🔽 === AUTO-PULL 開始 ===
[2026-09-02 00:00:01] 🔽 === AUTO-PULL 開始 ===
[2026-09-02 00:00:02]   ✓ fuuchanpapa-artist-site: 最新 (変更なし)
[2026-09-02 00:00:02]   ✓ fuuchanpapa-artist-site: 最新 (変更なし)
[2026-09-02 00:00:03]   ✓ guitar-vision: 最新 (変更なし)
[2026-09-02 00:00:03]   ✓ guitar-vision: 最新 (変更なし)
[2026-09-02 00:00:04]   ✓ project-hub: 最新 (変更なし)
[2026-09-02 00:00:04]   ✓ project-hub: 最新 (変更なし)
[2026-09-02 00:00:05]   ✓ suno-beat-studio: 最新 (変更なし)
[2026-09-02 00:00:05]   ✓ suno-beat-studio: 最新 (変更なし)
[2026-09-02 00:00:05] 🔽 PULL完了: 成功=4, 失敗=0
[2026-09-02 00:00:05] 🔽 PULL完了: 成功=4, 失敗=0

[2026-09-02 00:00:05] 🔼 === AUTO-PUSH 開始 ===
[2026-09-02 00:00:05] 🔼 === AUTO-PUSH 開始 ===
[main 1f8eff7] 🔄 Auto-sync from penguin: 新規7件 変更8件(09/02 00:00)
 15 files changed, 1787 insertions(+), 57 deletions(-)
 create mode 100644 firestore.rules
 create mode 100644 src/components/PlayerModal.tsx
 create mode 100644 src/components/RankingModal.tsx
 create mode 100644 src/firebase.ts
 create mode 100644 src/hooks/usePlayer.ts
 create mode 100644 src/hooks/useRanking.ts
 create mode 100644 src/types/ranking.ts
[2026-09-02 00:00:09]   ✅ guitar-vision: push完了 (新規7件 変更8件)
[2026-09-02 00:00:09]   ✅ guitar-vision: push完了 (新規7件 変更8件)
[2026-09-02 00:00:09] 🔼 PUSH完了: push=1, スキップ=3
[2026-09-02 00:00:09] 🔼 PUSH完了: push=1, スキップ=3
[2026-09-02 00:15:01] 🔽 === AUTO-PULL 開始 ===
[2026-09-02 00:15:01] 🔽 === AUTO-PULL 開始 ===
[2026-09-02 00:15:02]   ✓ fuuchanpapa-artist-site: 最新 (変更なし)
[2026-09-02 00:15:02]   ✓ fuuchanpapa-artist-site: 最新 (変更なし)
[2026-09-02 00:15:03]   ✓ guitar-vision: 最新 (変更なし)
[2026-09-02 00:15:03]   ✓ guitar-vision: 最新 (変更なし)
[2026-09-02 00:15:04]   ✓ project-hub: 最新 (変更なし)
[2026-09-02 00:15:04]   ✓ project-hub: 最新 (変更なし)
[2026-09-02 00:15:05]   ✓ suno-beat-studio: 最新 (変更なし)
[2026-09-02 00:15:05]   ✓ suno-beat-studio: 最新 (変更なし)
[2026-09-02 00:15:05] 🔽 PULL完了: 成功=4, 失敗=0
[2026-09-02 00:15:05] 🔽 PULL完了: 成功=4, 失敗=0

[2026-09-02 00:15:05] 🔼 === AUTO-PUSH 開始 ===
[2026-09-02 00:15:05] 🔼 === AUTO-PUSH 開始 ===
[2026-09-02 00:15:05] 🔼 PUSH: 変更なし (全4プロジェクト最新)
[2026-09-02 00:15:05] 🔼 PUSH: 変更なし (全4プロジェクト最新)
[2026-09-02 00:30:01] 🔽 === AUTO-PULL 開始 ===
[2026-09-02 00:30:01] 🔽 === AUTO-PULL 開始 ===
[2026-09-02 00:30:03]   ✓ fuuchanpapa-artist-site: 最新 (変更なし)
[2026-09-02 00:30:03]   ✓ fuuchanpapa-artist-site: 最新 (変更なし)
[2026-09-02 00:30:04]   ✓ guitar-vision: 最新 (変更なし)
[2026-09-02 00:30:04]   ✓ guitar-vision: 最新 (変更なし)
[2026-09-02 00:30:05]   ✓ project-hub: 最新 (変更なし)
[2026-09-02 00:30:05]   ✓ project-hub: 最新 (変更なし)
[2026-09-02 00:30:06]   ✓ suno-beat-studio: 最新 (変更なし)
[2026-09-02 00:30:06]   ✓ suno-beat-studio: 最新 (変更なし)
[2026-09-02 00:30:06] 🔽 PULL完了: 成功=4, 失敗=0
[2026-09-02 00:30:06] 🔽 PULL完了: 成功=4, 失敗=0

[2026-09-02 00:30:06] 🔼 === AUTO-PUSH 開始 ===
[2026-09-02 00:30:06] 🔼 === AUTO-PUSH 開始 ===
[2026-09-02 00:30:06] 🔼 PUSH: 変更なし (全4プロジェクト最新)
[2026-09-02 00:30:06] 🔼 PUSH: 変更なし (全4プロジェクト最新)
[2026-09-02 00:45:01] 🔽 === AUTO-PULL 開始 ===
[2026-09-02 00:45:01] 🔽 === AUTO-PULL 開始 ===
[2026-09-02 00:45:03]   ✓ fuuchanpapa-artist-site: 最新 (変更なし)
[2026-09-02 00:45:03]   ✓ fuuchanpapa-artist-site: 最新 (変更なし)
[2026-09-02 00:45:04]   ✓ guitar-vision: 最新 (変更なし)
[2026-09-02 00:45:04]   ✓ guitar-vision: 最新 (変更なし)
[2026-09-02 00:45:05]   ✓ project-hub: 最新 (変更なし)
[2026-09-02 00:45:05]   ✓ project-hub: 最新 (変更なし)
[2026-09-02 00:45:06]   ✓ suno-beat-studio: 最新 (変更なし)
[2026-09-02 00:45:06]   ✓ suno-beat-studio: 最新 (変更なし)
[2026-09-02 00:45:06] 🔽 PULL完了: 成功=4, 失敗=0
[2026-09-02 00:45:06] 🔽 PULL完了: 成功=4, 失敗=0

[2026-09-02 00:45:06] 🔼 === AUTO-PUSH 開始 ===
[2026-09-02 00:45:06] 🔼 === AUTO-PUSH 開始 ===
[2026-09-02 00:45:06] 🔼 PUSH: 変更なし (全4プロジェクト最新)
[2026-09-02 00:45:06] 🔼 PUSH: 変更なし (全4プロジェクト最新)
[2026-09-02 01:00:01] 🔽 === AUTO-PULL 開始 ===
[2026-09-02 01:00:01] 🔽 === AUTO-PULL 開始 ===
[2026-09-02 01:00:02]   ✓ fuuchanpapa-artist-site: 最新 (変更なし)
[2026-09-02 01:00:02]   ✓ fuuchanpapa-artist-site: 最新 (変更なし)
[2026-09-02 01:00:03]   ✓ guitar-vision: 最新 (変更なし)
[2026-09-02 01:00:03]   ✓ guitar-vision: 最新 (変更なし)
[2026-09-02 01:00:04]   ✓ project-hub: 最新 (変更なし)
[2026-09-02 01:00:04]   ✓ project-hub: 最新 (変更なし)
[2026-09-02 01:00:05]   ✓ suno-beat-studio: 最新 (変更なし)
[2026-09-02 01:00:05]   ✓ suno-beat-studio: 最新 (変更なし)
[2026-09-02 01:00:05] 🔽 PULL完了: 成功=4, 失敗=0
[2026-09-02 01:00:05] 🔽 PULL完了: 成功=4, 失敗=0

[2026-09-02 01:00:05] 🔼 === AUTO-PUSH 開始 ===
[2026-09-02 01:00:05] 🔼 === AUTO-PUSH 開始 ===
[2026-09-02 01:00:05] 🔼 PUSH: 変更なし (全4プロジェクト最新)
[2026-09-02 01:00:05] 🔼 PUSH: 変更なし (全4プロジェクト最新)
[2026-09-02 01:15:01] 🔽 === AUTO-PULL 開始 ===
[2026-09-02 01:15:01] 🔽 === AUTO-PULL 開始 ===
[2026-09-02 01:15:02]   ✓ fuuchanpapa-artist-site: 最新 (変更なし)
[2026-09-02 01:15:02]   ✓ fuuchanpapa-artist-site: 最新 (変更なし)
[2026-09-02 01:15:03]   ✓ guitar-vision: 最新 (変更なし)
[2026-09-02 01:15:03]   ✓ guitar-vision: 最新 (変更なし)
[2026-09-02 01:15:04]   ✓ project-hub: 最新 (変更なし)
[2026-09-02 01:15:04]   ✓ project-hub: 最新 (変更なし)
[2026-09-02 01:15:05]   ✓ suno-beat-studio: 最新 (変更なし)
[2026-09-02 01:15:05]   ✓ suno-beat-studio: 最新 (変更なし)
[2026-09-02 01:15:05] 🔽 PULL完了: 成功=4, 失敗=0
[2026-09-02 01:15:05] 🔽 PULL完了: 成功=4, 失敗=0

[2026-09-02 01:15:05] 🔼 === AUTO-PUSH 開始 ===
[2026-09-02 01:15:05] 🔼 === AUTO-PUSH 開始 ===
[2026-09-02 01:15:05] 🔼 PUSH: 変更なし (全4プロジェクト最新)
[2026-09-02 01:15:05] 🔼 PUSH: 変更なし (全4プロジェクト最新)
[2026-09-02 01:30:01] 🔽 === AUTO-PULL 開始 ===
[2026-09-02 01:30:01] 🔽 === AUTO-PULL 開始 ===
[2026-09-02 01:30:02]   ✓ fuuchanpapa-artist-site: 最新 (変更なし)
[2026-09-02 01:30:02]   ✓ fuuchanpapa-artist-site: 最新 (変更なし)
[2026-09-02 01:30:03]   ✓ guitar-vision: 最新 (変更なし)
[2026-09-02 01:30:03]   ✓ guitar-vision: 最新 (変更なし)
[2026-09-02 01:30:04]   ✓ project-hub: 最新 (変更なし)
[2026-09-02 01:30:04]   ✓ project-hub: 最新 (変更なし)
[2026-09-02 01:30:05]   ✓ suno-beat-studio: 最新 (変更なし)
[2026-09-02 01:30:05]   ✓ suno-beat-studio: 最新 (変更なし)
[2026-09-02 01:30:05] 🔽 PULL完了: 成功=4, 失敗=0
[2026-09-02 01:30:05] 🔽 PULL完了: 成功=4, 失敗=0

[2026-09-02 01:30:05] 🔼 === AUTO-PUSH 開始 ===
[2026-09-02 01:30:05] 🔼 === AUTO-PUSH 開始 ===
[2026-09-02 01:30:05] 🔼 PUSH: 変更なし (全4プロジェクト最新)
[2026-09-02 01:30:05] 🔼 PUSH: 変更なし (全4プロジェクト最新)
[2026-09-02 01:45:01] 🔽 === AUTO-PULL 開始 ===
[2026-09-02 01:45:01] 🔽 === AUTO-PULL 開始 ===
[2026-09-02 01:45:02]   ✓ fuuchanpapa-artist-site: 最新 (変更なし)
[2026-09-02 01:45:02]   ✓ fuuchanpapa-artist-site: 最新 (変更なし)
[2026-09-02 01:45:03]   ✓ guitar-vision: 最新 (変更なし)
[2026-09-02 01:45:03]   ✓ guitar-vision: 最新 (変更なし)
[2026-09-02 01:45:04]   ✓ project-hub: 最新 (変更なし)
[2026-09-02 01:45:04]   ✓ project-hub: 最新 (変更なし)
[2026-09-02 01:45:05]   ✓ suno-beat-studio: 最新 (変更なし)
[2026-09-02 01:45:05]   ✓ suno-beat-studio: 最新 (変更なし)
[2026-09-02 01:45:05] 🔽 PULL完了: 成功=4, 失敗=0
[2026-09-02 01:45:05] 🔽 PULL完了: 成功=4, 失敗=0

[2026-09-02 01:45:05] 🔼 === AUTO-PUSH 開始 ===
[2026-09-02 01:45:05] 🔼 === AUTO-PUSH 開始 ===
[2026-09-02 01:45:05] 🔼 PUSH: 変更なし (全4プロジェクト最新)
[2026-09-02 01:45:05] 🔼 PUSH: 変更なし (全4プロジェクト最新)
[2026-09-02 02:00:01] 🔽 === AUTO-PULL 開始 ===
[2026-09-02 02:00:01] 🔽 === AUTO-PULL 開始 ===
[2026-09-02 02:00:03]   ✓ fuuchanpapa-artist-site: 最新 (変更なし)
[2026-09-02 02:00:03]   ✓ fuuchanpapa-artist-site: 最新 (変更なし)
[2026-09-02 02:00:04]   ✓ guitar-vision: 最新 (変更なし)
[2026-09-02 02:00:04]   ✓ guitar-vision: 最新 (変更なし)
[2026-09-02 02:00:05]   ✓ project-hub: 最新 (変更なし)
[2026-09-02 02:00:05]   ✓ project-hub: 最新 (変更なし)
[2026-09-02 02:00:06]   ✓ suno-beat-studio: 最新 (変更なし)
[2026-09-02 02:00:06]   ✓ suno-beat-studio: 最新 (変更なし)
[2026-09-02 02:00:06] 🔽 PULL完了: 成功=4, 失敗=0
[2026-09-02 02:00:06] 🔽 PULL完了: 成功=4, 失敗=0

[2026-09-02 02:00:06] 🔼 === AUTO-PUSH 開始 ===
[2026-09-02 02:00:06] 🔼 === AUTO-PUSH 開始 ===
[2026-09-02 02:00:06] 🔼 PUSH: 変更なし (全4プロジェクト最新)
[2026-09-02 02:00:06] 🔼 PUSH: 変更なし (全4プロジェクト最新)
[2026-09-02 02:15:01] 🔽 === AUTO-PULL 開始 ===
[2026-09-02 02:15:01] 🔽 === AUTO-PULL 開始 ===
[2026-09-02 02:15:02]   ✓ fuuchanpapa-artist-site: 最新 (変更なし)
[2026-09-02 02:15:02]   ✓ fuuchanpapa-artist-site: 最新 (変更なし)
[2026-09-02 02:15:03]   ✓ guitar-vision: 最新 (変更なし)
[2026-09-02 02:15:03]   ✓ guitar-vision: 最新 (変更なし)
[2026-09-02 02:15:04]   ✓ project-hub: 最新 (変更なし)
[2026-09-02 02:15:04]   ✓ project-hub: 最新 (変更なし)
[2026-09-02 02:15:05]   ✓ suno-beat-studio: 最新 (変更なし)
[2026-09-02 02:15:05]   ✓ suno-beat-studio: 最新 (変更なし)
[2026-09-02 02:15:05] 🔽 PULL完了: 成功=4, 失敗=0
[2026-09-02 02:15:05] 🔽 PULL完了: 成功=4, 失敗=0

[2026-09-02 02:15:05] 🔼 === AUTO-PUSH 開始 ===
[2026-09-02 02:15:05] 🔼 === AUTO-PUSH 開始 ===
[2026-09-02 02:15:05] 🔼 PUSH: 変更なし (全4プロジェクト最新)
[2026-09-02 02:15:05] 🔼 PUSH: 変更なし (全4プロジェクト最新)
[2026-09-02 02:30:01] 🔽 === AUTO-PULL 開始 ===
[2026-09-02 02:30:01] 🔽 === AUTO-PULL 開始 ===
[2026-09-02 02:30:02]   ✓ fuuchanpapa-artist-site: 最新 (変更なし)
[2026-09-02 02:30:02]   ✓ fuuchanpapa-artist-site: 最新 (変更なし)
[2026-09-02 02:30:03]   ✓ guitar-vision: 最新 (変更なし)
[2026-09-02 02:30:03]   ✓ guitar-vision: 最新 (変更なし)
[2026-09-02 02:30:04]   ✓ project-hub: 最新 (変更なし)
[2026-09-02 02:30:04]   ✓ project-hub: 最新 (変更なし)
[2026-09-02 02:30:05]   ✓ suno-beat-studio: 最新 (変更なし)
[2026-09-02 02:30:05]   ✓ suno-beat-studio: 最新 (変更なし)
[2026-09-02 02:30:05] 🔽 PULL完了: 成功=4, 失敗=0
[2026-09-02 02:30:05] 🔽 PULL完了: 成功=4, 失敗=0

[2026-09-02 02:30:05] 🔼 === AUTO-PUSH 開始 ===
[2026-09-02 02:30:05] 🔼 === AUTO-PUSH 開始 ===
[2026-09-02 02:30:05] 🔼 PUSH: 変更なし (全4プロジェクト最新)
[2026-09-02 02:30:05] 🔼 PUSH: 変更なし (全4プロジェクト最新)
[2026-09-02 02:45:01] 🔽 === AUTO-PULL 開始 ===
[2026-09-02 02:45:01] 🔽 === AUTO-PULL 開始 ===
[2026-09-02 02:45:03]   ✓ fuuchanpapa-artist-site: 最新 (変更なし)
[2026-09-02 02:45:03]   ✓ fuuchanpapa-artist-site: 最新 (変更なし)
[2026-09-02 02:45:04]   ✓ guitar-vision: 最新 (変更なし)
[2026-09-02 02:45:04]   ✓ guitar-vision: 最新 (変更なし)
[2026-09-02 02:45:05]   ✓ project-hub: 最新 (変更なし)
[2026-09-02 02:45:05]   ✓ project-hub: 最新 (変更なし)
[2026-09-02 02:45:06]   ✓ suno-beat-studio: 最新 (変更なし)
[2026-09-02 02:45:06]   ✓ suno-beat-studio: 最新 (変更なし)
[2026-09-02 02:45:06] 🔽 PULL完了: 成功=4, 失敗=0
[2026-09-02 02:45:06] 🔽 PULL完了: 成功=4, 失敗=0

[2026-09-02 02:45:06] 🔼 === AUTO-PUSH 開始 ===
[2026-09-02 02:45:06] 🔼 === AUTO-PUSH 開始 ===
[2026-09-02 02:45:06] 🔼 PUSH: 変更なし (全4プロジェクト最新)
[2026-09-02 02:45:06] 🔼 PUSH: 変更なし (全4プロジェクト最新)
[2026-09-02 03:00:01] 🔽 === AUTO-PULL 開始 ===
[2026-09-02 03:00:01] 🔽 === AUTO-PULL 開始 ===
[2026-09-02 03:00:02]   ✓ fuuchanpapa-artist-site: 最新 (変更なし)
[2026-09-02 03:00:02]   ✓ fuuchanpapa-artist-site: 最新 (変更なし)
[2026-09-02 03:00:03]   ✓ guitar-vision: 最新 (変更なし)
[2026-09-02 03:00:03]   ✓ guitar-vision: 最新 (変更なし)
[2026-09-02 03:00:04]   ✓ project-hub: 最新 (変更なし)
[2026-09-02 03:00:04]   ✓ project-hub: 最新 (変更なし)
[2026-09-02 03:00:05]   ✓ suno-beat-studio: 最新 (変更なし)
[2026-09-02 03:00:05]   ✓ suno-beat-studio: 最新 (変更なし)
[2026-09-02 03:00:05] 🔽 PULL完了: 成功=4, 失敗=0
[2026-09-02 03:00:05] 🔽 PULL完了: 成功=4, 失敗=0

[2026-09-02 03:00:05] 🔼 === AUTO-PUSH 開始 ===
[2026-09-02 03:00:05] 🔼 === AUTO-PUSH 開始 ===
[2026-09-02 03:00:05] 🔼 PUSH: 変更なし (全4プロジェクト最新)
[2026-09-02 03:00:05] 🔼 PUSH: 変更なし (全4プロジェクト最新)
[2026-09-02 03:15:01] 🔽 === AUTO-PULL 開始 ===
[2026-09-02 03:15:01] 🔽 === AUTO-PULL 開始 ===
[2026-09-02 03:15:03]   ✓ fuuchanpapa-artist-site: 最新 (変更なし)
[2026-09-02 03:15:03]   ✓ fuuchanpapa-artist-site: 最新 (変更なし)
[2026-09-02 03:15:04]   ✓ guitar-vision: 最新 (変更なし)
[2026-09-02 03:15:04]   ✓ guitar-vision: 最新 (変更なし)
[2026-09-02 03:15:05]   ✓ project-hub: 最新 (変更なし)
[2026-09-02 03:15:05]   ✓ project-hub: 最新 (変更なし)
[2026-09-02 03:15:06]   ✓ suno-beat-studio: 最新 (変更なし)
[2026-09-02 03:15:06]   ✓ suno-beat-studio: 最新 (変更なし)
[2026-09-02 03:15:06] 🔽 PULL完了: 成功=4, 失敗=0
[2026-09-02 03:15:06] 🔽 PULL完了: 成功=4, 失敗=0

[2026-09-02 03:15:06] 🔼 === AUTO-PUSH 開始 ===
[2026-09-02 03:15:06] 🔼 === AUTO-PUSH 開始 ===
[2026-09-02 03:15:06] 🔼 PUSH: 変更なし (全4プロジェクト最新)
[2026-09-02 03:15:06] 🔼 PUSH: 変更なし (全4プロジェクト最新)
[2026-09-02 03:30:01] 🔽 === AUTO-PULL 開始 ===
[2026-09-02 03:30:01] 🔽 === AUTO-PULL 開始 ===
[2026-09-02 03:30:02]   ✓ fuuchanpapa-artist-site: 最新 (変更なし)
[2026-09-02 03:30:02]   ✓ fuuchanpapa-artist-site: 最新 (変更なし)
[2026-09-02 03:30:03]   ✓ guitar-vision: 最新 (変更なし)
[2026-09-02 03:30:03]   ✓ guitar-vision: 最新 (変更なし)
[2026-09-02 03:30:04]   ✓ project-hub: 最新 (変更なし)
[2026-09-02 03:30:04]   ✓ project-hub: 最新 (変更なし)
[2026-09-02 03:30:05]   ✓ suno-beat-studio: 最新 (変更なし)
[2026-09-02 03:30:05]   ✓ suno-beat-studio: 最新 (変更なし)
[2026-09-02 03:30:05] 🔽 PULL完了: 成功=4, 失敗=0
[2026-09-02 03:30:05] 🔽 PULL完了: 成功=4, 失敗=0

[2026-09-02 03:30:05] 🔼 === AUTO-PUSH 開始 ===
[2026-09-02 03:30:05] 🔼 === AUTO-PUSH 開始 ===
[2026-09-02 03:30:05] 🔼 PUSH: 変更なし (全4プロジェクト最新)
[2026-09-02 03:30:05] 🔼 PUSH: 変更なし (全4プロジェクト最新)
[2026-09-02 03:45:01] 🔽 === AUTO-PULL 開始 ===
[2026-09-02 03:45:01] 🔽 === AUTO-PULL 開始 ===
[2026-09-02 03:45:02]   ✓ fuuchanpapa-artist-site: 最新 (変更なし)
[2026-09-02 03:45:02]   ✓ fuuchanpapa-artist-site: 最新 (変更なし)
[2026-09-02 03:45:03]   ✓ guitar-vision: 最新 (変更なし)
[2026-09-02 03:45:03]   ✓ guitar-vision: 最新 (変更なし)
[2026-09-02 03:45:04]   ✓ project-hub: 最新 (変更なし)
[2026-09-02 03:45:04]   ✓ project-hub: 最新 (変更なし)
[2026-09-02 03:45:05]   ✓ suno-beat-studio: 最新 (変更なし)
[2026-09-02 03:45:05]   ✓ suno-beat-studio: 最新 (変更なし)
[2026-09-02 03:45:05] 🔽 PULL完了: 成功=4, 失敗=0
[2026-09-02 03:45:05] 🔽 PULL完了: 成功=4, 失敗=0

[2026-09-02 03:45:05] 🔼 === AUTO-PUSH 開始 ===
[2026-09-02 03:45:05] 🔼 === AUTO-PUSH 開始 ===
[2026-09-02 03:45:05] 🔼 PUSH: 変更なし (全4プロジェクト最新)
[2026-09-02 03:45:05] 🔼 PUSH: 変更なし (全4プロジェクト最新)
[2026-09-02 04:00:02] 🔽 === AUTO-PULL 開始 ===
[2026-09-02 04:00:02] 🔽 === AUTO-PULL 開始 ===
[2026-09-02 04:00:04]   ✓ fuuchanpapa-artist-site: 最新 (変更なし)
[2026-09-02 04:00:04]   ✓ fuuchanpapa-artist-site: 最新 (変更なし)
[2026-09-02 04:00:05]   ✓ guitar-vision: 最新 (変更なし)
[2026-09-02 04:00:05]   ✓ guitar-vision: 最新 (変更なし)
[2026-09-02 04:00:06]   ✓ project-hub: 最新 (変更なし)
[2026-09-02 04:00:06]   ✓ project-hub: 最新 (変更なし)
[2026-09-02 04:00:07]   ✓ suno-beat-studio: 最新 (変更なし)
[2026-09-02 04:00:07]   ✓ suno-beat-studio: 最新 (変更なし)
[2026-09-02 04:00:07] 🔽 PULL完了: 成功=4, 失敗=0
[2026-09-02 04:00:07] 🔽 PULL完了: 成功=4, 失敗=0

[2026-09-02 04:00:07] 🔼 === AUTO-PUSH 開始 ===
[2026-09-02 04:00:07] 🔼 === AUTO-PUSH 開始 ===
[2026-09-02 04:00:07] 🔼 PUSH: 変更なし (全4プロジェクト最新)
[2026-09-02 04:00:07] 🔼 PUSH: 変更なし (全4プロジェクト最新)
[2026-09-02 04:15:01] 🔽 === AUTO-PULL 開始 ===
[2026-09-02 04:15:01] 🔽 === AUTO-PULL 開始 ===
[2026-09-02 04:15:02]   ✓ fuuchanpapa-artist-site: 最新 (変更なし)
[2026-09-02 04:15:02]   ✓ fuuchanpapa-artist-site: 最新 (変更なし)
[2026-09-02 04:15:03]   ✓ guitar-vision: 最新 (変更なし)
[2026-09-02 04:15:03]   ✓ guitar-vision: 最新 (変更なし)
[2026-09-02 04:15:04]   ✓ project-hub: 最新 (変更なし)
[2026-09-02 04:15:04]   ✓ project-hub: 最新 (変更なし)
[2026-09-02 04:15:06]   ✓ suno-beat-studio: 最新 (変更なし)
[2026-09-02 04:15:06]   ✓ suno-beat-studio: 最新 (変更なし)
[2026-09-02 04:15:06] 🔽 PULL完了: 成功=4, 失敗=0
[2026-09-02 04:15:06] 🔽 PULL完了: 成功=4, 失敗=0

[2026-09-02 04:15:06] 🔼 === AUTO-PUSH 開始 ===
[2026-09-02 04:15:06] 🔼 === AUTO-PUSH 開始 ===
[2026-09-02 04:15:06] 🔼 PUSH: 変更なし (全4プロジェクト最新)
[2026-09-02 04:15:06] 🔼 PUSH: 変更なし (全4プロジェクト最新)
[2026-09-02 04:30:01] 🔽 === AUTO-PULL 開始 ===
[2026-09-02 04:30:01] 🔽 === AUTO-PULL 開始 ===
[2026-09-02 04:30:03]   ✓ fuuchanpapa-artist-site: 最新 (変更なし)
[2026-09-02 04:30:03]   ✓ fuuchanpapa-artist-site: 最新 (変更なし)
[2026-09-02 04:30:04]   ✓ guitar-vision: 最新 (変更なし)
[2026-09-02 04:30:04]   ✓ guitar-vision: 最新 (変更なし)
[2026-09-02 04:30:05]   ✓ project-hub: 最新 (変更なし)
[2026-09-02 04:30:05]   ✓ project-hub: 最新 (変更なし)
[2026-09-02 04:30:06]   ✓ suno-beat-studio: 最新 (変更なし)
[2026-09-02 04:30:06]   ✓ suno-beat-studio: 最新 (変更なし)
[2026-09-02 04:30:06] 🔽 PULL完了: 成功=4, 失敗=0
[2026-09-02 04:30:06] 🔽 PULL完了: 成功=4, 失敗=0

[2026-09-02 04:30:06] 🔼 === AUTO-PUSH 開始 ===
[2026-09-02 04:30:06] 🔼 === AUTO-PUSH 開始 ===
[2026-09-02 04:30:06] 🔼 PUSH: 変更なし (全4プロジェクト最新)
[2026-09-02 04:30:06] 🔼 PUSH: 変更なし (全4プロジェクト最新)
[2026-09-02 13:36:29] 🔽 === AUTO-PULL 開始 ===
[2026-09-02 13:36:30]   ✓ fuuchanpapa-artist-site: 最新 (変更なし)
[2026-09-02 13:36:31]   ✓ guitar-vision: 最新 (変更なし)
[2026-09-02 13:36:32]   ✓ project-hub: 最新 (変更なし)
[2026-09-02 13:36:33]   ✓ suno-beat-studio: 最新 (変更なし)
[2026-09-02 13:36:33] 🔽 PULL完了: 成功=4, 失敗=0
[2026-09-02 13:36:43] 🔽 === AUTO-PULL 開始 ===
[2026-09-02 13:36:44]   ✓ fuuchanpapa-artist-site: 最新 (変更なし)
[2026-09-02 13:36:45]   ✓ guitar-vision: 最新 (変更なし)
[2026-09-02 13:36:45]   ✓ project-hub: 最新 (変更なし)
[2026-09-02 13:36:46]   ✓ suno-beat-studio: 最新 (変更なし)
[2026-09-02 13:36:46] 🔽 PULL完了: 成功=4, 失敗=0
[2026-09-02 13:36:57] 🔽 === AUTO-PULL 開始 ===
[2026-09-02 13:36:59]   ✓ fuuchanpapa-artist-site: 最新 (変更なし)
[2026-09-02 13:37:00]   ✓ guitar-vision: 最新 (変更なし)
[2026-09-02 13:37:00] 🔽 === AUTO-PULL 開始 ===
[2026-09-02 13:37:00] 🔽 === AUTO-PULL 開始 ===
[2026-09-02 13:37:01]   ✓ project-hub: 最新 (変更なし)
[2026-09-02 13:37:01]   ✓ fuuchanpapa-artist-site: 最新 (変更なし)
[2026-09-02 13:37:01]   ✓ fuuchanpapa-artist-site: 最新 (変更なし)
[2026-09-02 13:37:02]   ✓ guitar-vision: 最新 (変更なし)
[2026-09-02 13:37:02]   ✓ guitar-vision: 最新 (変更なし)
[2026-09-02 13:37:02]   ✓ suno-beat-studio: 最新 (変更なし)
[2026-09-02 13:37:02] 🔽 PULL完了: 成功=4, 失敗=0
[2026-09-02 13:37:02]   ✓ project-hub: 最新 (変更なし)
[2026-09-02 13:37:02]   ✓ project-hub: 最新 (変更なし)
[2026-09-02 13:37:03]   ✓ suno-beat-studio: 最新 (変更なし)
[2026-09-02 13:37:03]   ✓ suno-beat-studio: 最新 (変更なし)
[2026-09-02 13:37:03] 🔽 PULL完了: 成功=4, 失敗=0
[2026-09-02 13:37:03] 🔽 PULL完了: 成功=4, 失敗=0
[2026-09-02 13:37:31] 🔽 === AUTO-PULL 開始 ===
[2026-09-02 13:37:33]   ✓ fuuchanpapa-artist-site: 最新 (変更なし)
[2026-09-02 13:37:34]   ✓ guitar-vision: 最新 (変更なし)
[2026-09-02 13:37:35]   ✓ project-hub: 最新 (変更なし)
[2026-09-02 13:37:35]   ✓ suno-beat-studio: 最新 (変更なし)
[2026-09-02 13:37:35] 🔽 PULL完了: 成功=4, 失敗=0
[2026-09-02 13:43:49] 🔽 === AUTO-PULL 開始 ===
[2026-09-02 13:43:50]   ✓ fuuchanpapa-artist-site: 最新 (変更なし)
[2026-09-02 13:43:51]   ✓ guitar-vision: 最新 (変更なし)
[2026-09-02 13:43:52]   ✓ project-hub: 最新 (変更なし)
[2026-09-02 13:43:52]   ✓ suno-beat-studio: 最新 (変更なし)
[2026-09-02 13:43:52] 🔽 PULL完了: 成功=4, 失敗=0
[2026-09-02 13:45:01] 🔽 === AUTO-PULL 開始 ===
[2026-09-02 13:45:01] 🔽 === AUTO-PULL 開始 ===
[2026-09-02 13:45:02]   ✓ fuuchanpapa-artist-site: 最新 (変更なし)
[2026-09-02 13:45:02]   ✓ fuuchanpapa-artist-site: 最新 (変更なし)
[2026-09-02 13:45:03]   ✓ guitar-vision: 最新 (変更なし)
[2026-09-02 13:45:03]   ✓ guitar-vision: 最新 (変更なし)
[2026-09-02 13:45:04]   ✓ project-hub: 最新 (変更なし)
[2026-09-02 13:45:04]   ✓ project-hub: 最新 (変更なし)
[2026-09-02 13:45:05]   ✓ suno-beat-studio: 最新 (変更なし)
[2026-09-02 13:45:05]   ✓ suno-beat-studio: 最新 (変更なし)
[2026-09-02 13:45:05] 🔽 PULL完了: 成功=4, 失敗=0
[2026-09-02 13:45:05] 🔽 PULL完了: 成功=4, 失敗=0

[2026-09-02 13:45:05] 🔼 === AUTO-PUSH 開始 ===
[2026-09-02 13:45:05] 🔼 === AUTO-PUSH 開始 ===
[2026-09-02 13:45:05] 🔼 PUSH: 変更なし (全4プロジェクト最新)
[2026-09-02 13:45:05] 🔼 PUSH: 変更なし (全4プロジェクト最新)
[2026-09-02 14:00:01] 🔽 === AUTO-PULL 開始 ===
[2026-09-02 14:00:01] 🔽 === AUTO-PULL 開始 ===
[2026-09-02 14:00:02]   ✓ fuuchanpapa-artist-site: 最新 (変更なし)
[2026-09-02 14:00:02]   ✓ fuuchanpapa-artist-site: 最新 (変更なし)
[2026-09-02 14:00:03]   ✓ guitar-vision: 最新 (変更なし)
[2026-09-02 14:00:03]   ✓ guitar-vision: 最新 (変更なし)
[2026-09-02 14:00:04]   ✓ project-hub: 最新 (変更なし)
[2026-09-02 14:00:04]   ✓ project-hub: 最新 (変更なし)
[2026-09-02 14:00:05]   ✓ suno-beat-studio: 最新 (変更なし)
[2026-09-02 14:00:05]   ✓ suno-beat-studio: 最新 (変更なし)
[2026-09-02 14:00:05] 🔽 PULL完了: 成功=4, 失敗=0
[2026-09-02 14:00:05] 🔽 PULL完了: 成功=4, 失敗=0

[2026-09-02 14:00:05] 🔼 === AUTO-PUSH 開始 ===
[2026-09-02 14:00:05] 🔼 === AUTO-PUSH 開始 ===
[main 6966516] 🔄 Auto-sync from penguin: 変更4件(09/02 14:00)
 4 files changed, 35 insertions(+), 19 deletions(-)
[2026-09-02 14:00:08]   ✅ guitar-vision: push完了 (変更4件)
[2026-09-02 14:00:08]   ✅ guitar-vision: push完了 (変更4件)
[2026-09-02 14:00:08] 🔼 PUSH完了: push=1, スキップ=3
[2026-09-02 14:00:08] 🔼 PUSH完了: push=1, スキップ=3
[2026-09-02 14:45:01] 🔽 === AUTO-PULL 開始 ===
[2026-09-02 14:45:01] 🔽 === AUTO-PULL 開始 ===
[2026-09-02 14:45:02]   ✓ fuuchanpapa-artist-site: 最新 (変更なし)
[2026-09-02 14:45:02]   ✓ fuuchanpapa-artist-site: 最新 (変更なし)
[2026-09-02 14:45:03]   ✓ guitar-vision: 最新 (変更なし)
[2026-09-02 14:45:03]   ✓ guitar-vision: 最新 (変更なし)
[2026-09-02 14:45:03]   ✓ project-hub: 最新 (変更なし)
[2026-09-02 14:45:03]   ✓ project-hub: 最新 (変更なし)
[2026-09-02 14:45:04]   ✓ suno-beat-studio: 最新 (変更なし)
[2026-09-02 14:45:04]   ✓ suno-beat-studio: 最新 (変更なし)
[2026-09-02 14:45:04] 🔽 PULL完了: 成功=4, 失敗=0
[2026-09-02 14:45:04] 🔽 PULL完了: 成功=4, 失敗=0

[2026-09-02 14:45:04] 🔼 === AUTO-PUSH 開始 ===
[2026-09-02 14:45:04] 🔼 === AUTO-PUSH 開始 ===
[main 88c1f2b] 🔄 Auto-sync from penguin: 新規1件 (09/02 14:45)
 1 file changed, 105 insertions(+)
 create mode 100644 src/types/song.ts
[2026-09-02 14:45:07]   ✅ guitar-vision: push完了 (新規1件 )
[2026-09-02 14:45:07]   ✅ guitar-vision: push完了 (新規1件 )
[2026-09-02 14:45:07] 🔼 PUSH完了: push=1, スキップ=3
[2026-09-02 14:45:07] 🔼 PUSH完了: push=1, スキップ=3
[2026-09-02 15:00:01] 🔽 === AUTO-PULL 開始 ===
[2026-09-02 15:00:01] 🔽 === AUTO-PULL 開始 ===
[2026-09-02 15:00:02]   ✓ fuuchanpapa-artist-site: 最新 (変更なし)
[2026-09-02 15:00:02]   ✓ fuuchanpapa-artist-site: 最新 (変更なし)
[2026-09-02 15:00:03]   ✓ guitar-vision: 最新 (変更なし)
[2026-09-02 15:00:03]   ✓ guitar-vision: 最新 (変更なし)
[2026-09-02 15:00:04]   ✓ project-hub: 最新 (変更なし)
[2026-09-02 15:00:04]   ✓ project-hub: 最新 (変更なし)
[2026-09-02 15:00:05]   ✓ suno-beat-studio: 最新 (変更なし)
[2026-09-02 15:00:05]   ✓ suno-beat-studio: 最新 (変更なし)
[2026-09-02 15:00:05] 🔽 PULL完了: 成功=4, 失敗=0
[2026-09-02 15:00:05] 🔽 PULL完了: 成功=4, 失敗=0

[2026-09-02 15:00:05] 🔼 === AUTO-PUSH 開始 ===
[2026-09-02 15:00:05] 🔼 === AUTO-PUSH 開始 ===
[main a3cc00c] 🔄 Auto-sync from penguin: 新規4件 変更4件(09/02 15:00)
 8 files changed, 2139 insertions(+), 2 deletions(-)
 create mode 100644 src/core/songBGM.ts
 create mode 100644 src/data/songs.ts
 create mode 100644 src/hooks/useSongWhackState.ts
 create mode 100644 src/modes/SongWhack.tsx
[2026-09-02 15:00:07]   ✅ guitar-vision: push完了 (新規4件 変更4件)
[2026-09-02 15:00:07]   ✅ guitar-vision: push完了 (新規4件 変更4件)
[2026-09-02 15:00:07] 🔼 PUSH完了: push=1, スキップ=3
[2026-09-02 15:00:07] 🔼 PUSH完了: push=1, スキップ=3
[2026-09-03 11:30:01] 🔽 === AUTO-PULL 開始 ===
[2026-09-03 11:30:01] 🔽 === AUTO-PULL 開始 ===
Updating cf47d38..4620dd4
Fast-forward
 AGENTS.md                   |  4 +--
 CHROMEBOOK_MANUAL.md        | 14 ++++++++--
 create_desktop_shortcut.bat |  4 +++
 start_app.bat               | 65 +++++++++++++++++++++++++++++++++++++++++++++
 start_app.sh                | 41 ++++++++++++++++++++++++++++
 5 files changed, 124 insertions(+), 4 deletions(-)
 create mode 100644 create_desktop_shortcut.bat
 create mode 100644 start_app.bat
 create mode 100644 start_app.sh
[2026-09-03 11:30:03]   ✅ fuuchanpapa-artist-site: 更新を取得しました
[2026-09-03 11:30:03]   ✅ fuuchanpapa-artist-site: 更新を取得しました
[2026-09-03 11:30:04]   ✓ guitar-vision: 最新 (変更なし)
[2026-09-03 11:30:04]   ✓ guitar-vision: 最新 (変更なし)
[2026-09-03 11:30:05]   ✓ project-hub: 最新 (変更なし)
[2026-09-03 11:30:05]   ✓ project-hub: 最新 (変更なし)
[2026-09-03 11:30:06]   ✓ suno-beat-studio: 最新 (変更なし)
[2026-09-03 11:30:06]   ✓ suno-beat-studio: 最新 (変更なし)
[2026-09-03 11:30:06] 🔽 PULL完了: 成功=4, 失敗=0
[2026-09-03 11:30:06] 🔽 PULL完了: 成功=4, 失敗=0

[2026-09-03 11:30:06] 🔼 === AUTO-PUSH 開始 ===
[2026-09-03 11:30:06] 🔼 === AUTO-PUSH 開始 ===
[2026-09-03 11:30:06] 🔼 PUSH: 変更なし (全4プロジェクト最新)
[2026-09-03 11:30:06] 🔼 PUSH: 変更なし (全4プロジェクト最新)
[2026-09-03 11:45:01] 🔽 === AUTO-PULL 開始 ===
[2026-09-03 11:45:01] 🔽 === AUTO-PULL 開始 ===
[2026-09-03 11:45:02]   ✓ fuuchanpapa-artist-site: 最新 (変更なし)
[2026-09-03 11:45:02]   ✓ fuuchanpapa-artist-site: 最新 (変更なし)
[2026-09-03 11:45:03]   ✓ guitar-vision: 最新 (変更なし)
[2026-09-03 11:45:03]   ✓ guitar-vision: 最新 (変更なし)
[2026-09-03 11:45:04]   ✓ project-hub: 最新 (変更なし)
[2026-09-03 11:45:04]   ✓ project-hub: 最新 (変更なし)
[2026-09-03 11:45:05]   ✓ suno-beat-studio: 最新 (変更なし)
[2026-09-03 11:45:05]   ✓ suno-beat-studio: 最新 (変更なし)
[2026-09-03 11:45:05] 🔽 PULL完了: 成功=4, 失敗=0
[2026-09-03 11:45:05] 🔽 PULL完了: 成功=4, 失敗=0

[2026-09-03 11:45:06] 🔼 === AUTO-PUSH 開始 ===
[2026-09-03 11:45:06] 🔼 === AUTO-PUSH 開始 ===
[main 0809955] 🔄 Auto-sync from penguin: 変更2件(09/03 11:45)
 2 files changed, 488 insertions(+), 248 deletions(-)
[2026-09-03 11:45:08]   ✅ guitar-vision: push完了 (変更2件)
[2026-09-03 11:45:08]   ✅ guitar-vision: push完了 (変更2件)
[2026-09-03 11:45:08] 🔼 PUSH完了: push=1, スキップ=3
[2026-09-03 11:45:08] 🔼 PUSH完了: push=1, スキップ=3
[2026-09-03 12:00:01] 🔽 === AUTO-PULL 開始 ===
[2026-09-03 12:00:01] 🔽 === AUTO-PULL 開始 ===
[2026-09-03 12:00:02]   ✓ fuuchanpapa-artist-site: 最新 (変更なし)
[2026-09-03 12:00:02]   ✓ fuuchanpapa-artist-site: 最新 (変更なし)
[2026-09-03 12:00:03]   ✓ guitar-vision: 最新 (変更なし)
[2026-09-03 12:00:03]   ✓ guitar-vision: 最新 (変更なし)
[2026-09-03 12:00:04]   ✓ project-hub: 最新 (変更なし)
[2026-09-03 12:00:04]   ✓ project-hub: 最新 (変更なし)
[2026-09-03 12:00:05]   ✓ suno-beat-studio: 最新 (変更なし)
[2026-09-03 12:00:05]   ✓ suno-beat-studio: 最新 (変更なし)
[2026-09-03 12:00:05] 🔽 PULL完了: 成功=4, 失敗=0
[2026-09-03 12:00:05] 🔽 PULL完了: 成功=4, 失敗=0

[2026-09-03 12:00:05] 🔼 === AUTO-PUSH 開始 ===
[2026-09-03 12:00:05] 🔼 === AUTO-PUSH 開始 ===
[main 6834253] 🔄 Auto-sync from penguin: 変更1件(09/03 12:00)
 1 file changed, 1 insertion(+), 1 deletion(-)
[2026-09-03 12:00:07]   ✅ guitar-vision: push完了 (変更1件)
[2026-09-03 12:00:07]   ✅ guitar-vision: push完了 (変更1件)
[2026-09-03 12:00:07] 🔼 PUSH完了: push=1, スキップ=3
[2026-09-03 12:00:07] 🔼 PUSH完了: push=1, スキップ=3
[2026-09-03 12:15:01] 🔽 === AUTO-PULL 開始 ===
[2026-09-03 12:15:01] 🔽 === AUTO-PULL 開始 ===
[2026-09-03 12:15:03]   ✓ fuuchanpapa-artist-site: 最新 (変更なし)
[2026-09-03 12:15:03]   ✓ fuuchanpapa-artist-site: 最新 (変更なし)
[2026-09-03 12:15:04]   ✓ guitar-vision: 最新 (変更なし)
[2026-09-03 12:15:04]   ✓ guitar-vision: 最新 (変更なし)
[2026-09-03 12:15:06]   ✓ project-hub: 最新 (変更なし)
[2026-09-03 12:15:06]   ✓ project-hub: 最新 (変更なし)
[2026-09-03 12:15:07]   ✓ suno-beat-studio: 最新 (変更なし)
[2026-09-03 12:15:07]   ✓ suno-beat-studio: 最新 (変更なし)
[2026-09-03 12:15:07] 🔽 PULL完了: 成功=4, 失敗=0
[2026-09-03 12:15:07] 🔽 PULL完了: 成功=4, 失敗=0

[2026-09-03 12:15:07] 🔼 === AUTO-PUSH 開始 ===
[2026-09-03 12:15:07] 🔼 === AUTO-PUSH 開始 ===
[2026-09-03 12:15:07] 🔼 PUSH: 変更なし (全4プロジェクト最新)
[2026-09-03 12:15:07] 🔼 PUSH: 変更なし (全4プロジェクト最新)
[2026-09-03 12:30:01] 🔽 === AUTO-PULL 開始 ===
[2026-09-03 12:30:01] 🔽 === AUTO-PULL 開始 ===
[2026-09-03 12:30:02]   ✓ fuuchanpapa-artist-site: 最新 (変更なし)
[2026-09-03 12:30:02]   ✓ fuuchanpapa-artist-site: 最新 (変更なし)
[2026-09-03 12:30:03]   ✓ guitar-vision: 最新 (変更なし)
[2026-09-03 12:30:03]   ✓ guitar-vision: 最新 (変更なし)
[2026-09-03 12:30:04]   ✓ project-hub: 最新 (変更なし)
[2026-09-03 12:30:04]   ✓ project-hub: 最新 (変更なし)
[2026-09-03 12:30:05]   ✓ suno-beat-studio: 最新 (変更なし)
[2026-09-03 12:30:05]   ✓ suno-beat-studio: 最新 (変更なし)
[2026-09-03 12:30:05] 🔽 PULL完了: 成功=4, 失敗=0
[2026-09-03 12:30:05] 🔽 PULL完了: 成功=4, 失敗=0

[2026-09-03 12:30:05] 🔼 === AUTO-PUSH 開始 ===
[2026-09-03 12:30:05] 🔼 === AUTO-PUSH 開始 ===
[2026-09-03 12:30:05] 🔼 PUSH: 変更なし (全4プロジェクト最新)
[2026-09-03 12:30:05] 🔼 PUSH: 変更なし (全4プロジェクト最新)
[2026-09-03 12:45:01] 🔽 === AUTO-PULL 開始 ===
[2026-09-03 12:45:01] 🔽 === AUTO-PULL 開始 ===
[2026-09-03 12:45:02]   ✓ fuuchanpapa-artist-site: 最新 (変更なし)
[2026-09-03 12:45:02]   ✓ fuuchanpapa-artist-site: 最新 (変更なし)
[2026-09-03 12:45:03]   ✓ guitar-vision: 最新 (変更なし)
[2026-09-03 12:45:03]   ✓ guitar-vision: 最新 (変更なし)
[2026-09-03 12:45:04]   ✓ project-hub: 最新 (変更なし)
[2026-09-03 12:45:04]   ✓ project-hub: 最新 (変更なし)
[2026-09-03 12:45:05]   ✓ suno-beat-studio: 最新 (変更なし)
[2026-09-03 12:45:05]   ✓ suno-beat-studio: 最新 (変更なし)
[2026-09-03 12:45:05] 🔽 PULL完了: 成功=4, 失敗=0
[2026-09-03 12:45:05] 🔽 PULL完了: 成功=4, 失敗=0

[2026-09-03 12:45:05] 🔼 === AUTO-PUSH 開始 ===
[2026-09-03 12:45:05] 🔼 === AUTO-PUSH 開始 ===
[2026-09-03 12:45:05] 🔼 PUSH: 変更なし (全4プロジェクト最新)
[2026-09-03 12:45:05] 🔼 PUSH: 変更なし (全4プロジェクト最新)
[2026-09-03 13:00:01] 🔽 === AUTO-PULL 開始 ===
[2026-09-03 13:00:01] 🔽 === AUTO-PULL 開始 ===
[2026-09-03 13:00:03]   ✓ fuuchanpapa-artist-site: 最新 (変更なし)
[2026-09-03 13:00:03]   ✓ fuuchanpapa-artist-site: 最新 (変更なし)
[2026-09-03 13:00:04]   ✓ guitar-vision: 最新 (変更なし)
[2026-09-03 13:00:04]   ✓ guitar-vision: 最新 (変更なし)
[2026-09-03 13:00:05]   ✓ project-hub: 最新 (変更なし)
[2026-09-03 13:00:05]   ✓ project-hub: 最新 (変更なし)
[2026-09-03 13:00:06]   ✓ suno-beat-studio: 最新 (変更なし)
[2026-09-03 13:00:06]   ✓ suno-beat-studio: 最新 (変更なし)
[2026-09-03 13:00:06] 🔽 PULL完了: 成功=4, 失敗=0
[2026-09-03 13:00:06] 🔽 PULL完了: 成功=4, 失敗=0

[2026-09-03 13:00:06] 🔼 === AUTO-PUSH 開始 ===
[2026-09-03 13:00:06] 🔼 === AUTO-PUSH 開始 ===
[2026-09-03 13:00:06] 🔼 PUSH: 変更なし (全4プロジェクト最新)
[2026-09-03 13:00:06] 🔼 PUSH: 変更なし (全4プロジェクト最新)
[2026-09-03 13:15:01] 🔽 === AUTO-PULL 開始 ===
[2026-09-03 13:15:01] 🔽 === AUTO-PULL 開始 ===
[2026-09-03 13:15:03]   ✓ fuuchanpapa-artist-site: 最新 (変更なし)
[2026-09-03 13:15:03]   ✓ fuuchanpapa-artist-site: 最新 (変更なし)
[2026-09-03 13:15:04]   ✓ guitar-vision: 最新 (変更なし)
[2026-09-03 13:15:04]   ✓ guitar-vision: 最新 (変更なし)
[2026-09-03 13:15:05]   ✓ project-hub: 最新 (変更なし)
[2026-09-03 13:15:05]   ✓ project-hub: 最新 (変更なし)
[2026-09-03 13:15:06]   ✓ suno-beat-studio: 最新 (変更なし)
[2026-09-03 13:15:06]   ✓ suno-beat-studio: 最新 (変更なし)
[2026-09-03 13:15:06] 🔽 PULL完了: 成功=4, 失敗=0
[2026-09-03 13:15:06] 🔽 PULL完了: 成功=4, 失敗=0

[2026-09-03 13:15:06] 🔼 === AUTO-PUSH 開始 ===
[2026-09-03 13:15:06] 🔼 === AUTO-PUSH 開始 ===
[2026-09-03 13:15:06] 🔼 PUSH: 変更なし (全4プロジェクト最新)
[2026-09-03 13:15:06] 🔼 PUSH: 変更なし (全4プロジェクト最新)
[2026-09-03 13:30:01] 🔽 === AUTO-PULL 開始 ===
[2026-09-03 13:30:01] 🔽 === AUTO-PULL 開始 ===
[2026-09-03 13:30:02]   ✓ fuuchanpapa-artist-site: 最新 (変更なし)
[2026-09-03 13:30:02]   ✓ fuuchanpapa-artist-site: 最新 (変更なし)
[2026-09-03 13:30:03]   ✓ guitar-vision: 最新 (変更なし)
[2026-09-03 13:30:03]   ✓ guitar-vision: 最新 (変更なし)
[2026-09-03 13:30:04]   ✓ project-hub: 最新 (変更なし)
[2026-09-03 13:30:04]   ✓ project-hub: 最新 (変更なし)
[2026-09-03 13:30:05]   ✓ suno-beat-studio: 最新 (変更なし)
[2026-09-03 13:30:05]   ✓ suno-beat-studio: 最新 (変更なし)
[2026-09-03 13:30:05] 🔽 PULL完了: 成功=4, 失敗=0
[2026-09-03 13:30:05] 🔽 PULL完了: 成功=4, 失敗=0

[2026-09-03 13:30:05] 🔼 === AUTO-PUSH 開始 ===
[2026-09-03 13:30:05] 🔼 === AUTO-PUSH 開始 ===
[2026-09-03 13:30:05] 🔼 PUSH: 変更なし (全4プロジェクト最新)
[2026-09-03 13:30:05] 🔼 PUSH: 変更なし (全4プロジェクト最新)
[2026-09-03 13:45:01] 🔽 === AUTO-PULL 開始 ===
[2026-09-03 13:45:01] 🔽 === AUTO-PULL 開始 ===
[2026-09-03 13:45:03]   ✓ fuuchanpapa-artist-site: 最新 (変更なし)
[2026-09-03 13:45:03]   ✓ fuuchanpapa-artist-site: 最新 (変更なし)
[2026-09-03 13:45:04]   ✓ guitar-vision: 最新 (変更なし)
[2026-09-03 13:45:04]   ✓ guitar-vision: 最新 (変更なし)
[2026-09-03 13:45:05]   ✓ project-hub: 最新 (変更なし)
[2026-09-03 13:45:05]   ✓ project-hub: 最新 (変更なし)
[2026-09-03 13:45:06]   ✓ suno-beat-studio: 最新 (変更なし)
[2026-09-03 13:45:06]   ✓ suno-beat-studio: 最新 (変更なし)
[2026-09-03 13:45:06] 🔽 PULL完了: 成功=4, 失敗=0
[2026-09-03 13:45:06] 🔽 PULL完了: 成功=4, 失敗=0

[2026-09-03 13:45:06] 🔼 === AUTO-PUSH 開始 ===
[2026-09-03 13:45:06] 🔼 === AUTO-PUSH 開始 ===
[2026-09-03 13:45:06] 🔼 PUSH: 変更なし (全4プロジェクト最新)
[2026-09-03 13:45:06] 🔼 PUSH: 変更なし (全4プロジェクト最新)
[2026-09-03 14:00:01] 🔽 === AUTO-PULL 開始 ===
[2026-09-03 14:00:01] 🔽 === AUTO-PULL 開始 ===
[2026-09-03 14:00:02]   ✓ fuuchanpapa-artist-site: 最新 (変更なし)
[2026-09-03 14:00:02]   ✓ fuuchanpapa-artist-site: 最新 (変更なし)
[2026-09-03 14:00:03]   ✓ guitar-vision: 最新 (変更なし)
[2026-09-03 14:00:03]   ✓ guitar-vision: 最新 (変更なし)
[2026-09-03 14:00:04]   ✓ project-hub: 最新 (変更なし)
[2026-09-03 14:00:04]   ✓ project-hub: 最新 (変更なし)
[2026-09-03 14:00:05]   ✓ suno-beat-studio: 最新 (変更なし)
[2026-09-03 14:00:05]   ✓ suno-beat-studio: 最新 (変更なし)
[2026-09-03 14:00:05] 🔽 PULL完了: 成功=4, 失敗=0
[2026-09-03 14:00:05] 🔽 PULL完了: 成功=4, 失敗=0

[2026-09-03 14:00:05] 🔼 === AUTO-PUSH 開始 ===
[2026-09-03 14:00:05] 🔼 === AUTO-PUSH 開始 ===
[2026-09-03 14:00:05] 🔼 PUSH: 変更なし (全4プロジェクト最新)
[2026-09-03 14:00:05] 🔼 PUSH: 変更なし (全4プロジェクト最新)
[2026-09-03 14:15:01] 🔽 === AUTO-PULL 開始 ===
[2026-09-03 14:15:01] 🔽 === AUTO-PULL 開始 ===
[2026-09-03 14:15:02]   ✓ fuuchanpapa-artist-site: 最新 (変更なし)
[2026-09-03 14:15:02]   ✓ fuuchanpapa-artist-site: 最新 (変更なし)
[2026-09-03 14:15:03]   ✓ guitar-vision: 最新 (変更なし)
[2026-09-03 14:15:03]   ✓ guitar-vision: 最新 (変更なし)
[2026-09-03 14:15:04]   ✓ project-hub: 最新 (変更なし)
[2026-09-03 14:15:04]   ✓ project-hub: 最新 (変更なし)
[2026-09-03 14:15:05]   ✓ suno-beat-studio: 最新 (変更なし)
[2026-09-03 14:15:05]   ✓ suno-beat-studio: 最新 (変更なし)
[2026-09-03 14:15:05] 🔽 PULL完了: 成功=4, 失敗=0
[2026-09-03 14:15:05] 🔽 PULL完了: 成功=4, 失敗=0

[2026-09-03 14:15:05] 🔼 === AUTO-PUSH 開始 ===
[2026-09-03 14:15:05] 🔼 === AUTO-PUSH 開始 ===
[2026-09-03 14:15:05] 🔼 PUSH: 変更なし (全4プロジェクト最新)
[2026-09-03 14:15:05] 🔼 PUSH: 変更なし (全4プロジェクト最新)
[2026-09-03 14:30:01] 🔽 === AUTO-PULL 開始 ===
[2026-09-03 14:30:01] 🔽 === AUTO-PULL 開始 ===
[2026-09-03 14:30:03]   ✓ fuuchanpapa-artist-site: 最新 (変更なし)
[2026-09-03 14:30:03]   ✓ fuuchanpapa-artist-site: 最新 (変更なし)
[2026-09-03 14:30:04]   ✓ guitar-vision: 最新 (変更なし)
[2026-09-03 14:30:04]   ✓ guitar-vision: 最新 (変更なし)
[2026-09-03 14:30:05]   ✓ project-hub: 最新 (変更なし)
[2026-09-03 14:30:05]   ✓ project-hub: 最新 (変更なし)
[2026-09-03 14:30:06]   ✓ suno-beat-studio: 最新 (変更なし)
[2026-09-03 14:30:06]   ✓ suno-beat-studio: 最新 (変更なし)
[2026-09-03 14:30:06] 🔽 PULL完了: 成功=4, 失敗=0
[2026-09-03 14:30:06] 🔽 PULL完了: 成功=4, 失敗=0

[2026-09-03 14:30:06] 🔼 === AUTO-PUSH 開始 ===
[2026-09-03 14:30:06] 🔼 === AUTO-PUSH 開始 ===
[2026-09-03 14:30:06] 🔼 PUSH: 変更なし (全4プロジェクト最新)
[2026-09-03 14:30:06] 🔼 PUSH: 変更なし (全4プロジェクト最新)
[2026-09-03 14:45:01] 🔽 === AUTO-PULL 開始 ===
[2026-09-03 14:45:01] 🔽 === AUTO-PULL 開始 ===
[2026-09-03 14:45:02]   ✓ fuuchanpapa-artist-site: 最新 (変更なし)
[2026-09-03 14:45:02]   ✓ fuuchanpapa-artist-site: 最新 (変更なし)
[2026-09-03 14:45:03]   ✓ guitar-vision: 最新 (変更なし)
[2026-09-03 14:45:03]   ✓ guitar-vision: 最新 (変更なし)
[2026-09-03 14:45:04]   ✓ project-hub: 最新 (変更なし)
[2026-09-03 14:45:04]   ✓ project-hub: 最新 (変更なし)
[2026-09-03 14:45:05]   ✓ suno-beat-studio: 最新 (変更なし)
[2026-09-03 14:45:05]   ✓ suno-beat-studio: 最新 (変更なし)
[2026-09-03 14:45:05] 🔽 PULL完了: 成功=4, 失敗=0
[2026-09-03 14:45:05] 🔽 PULL完了: 成功=4, 失敗=0

[2026-09-03 14:45:05] 🔼 === AUTO-PUSH 開始 ===
[2026-09-03 14:45:05] 🔼 === AUTO-PUSH 開始 ===
[2026-09-03 14:45:05] 🔼 PUSH: 変更なし (全4プロジェクト最新)
[2026-09-03 14:45:05] 🔼 PUSH: 変更なし (全4プロジェクト最新)
[2026-09-03 15:00:01] 🔽 === AUTO-PULL 開始 ===
[2026-09-03 15:00:01] 🔽 === AUTO-PULL 開始 ===
[2026-09-03 15:00:03]   ✓ fuuchanpapa-artist-site: 最新 (変更なし)
[2026-09-03 15:00:03]   ✓ fuuchanpapa-artist-site: 最新 (変更なし)
[2026-09-03 15:00:04]   ✓ guitar-vision: 最新 (変更なし)
[2026-09-03 15:00:04]   ✓ guitar-vision: 最新 (変更なし)
[2026-09-03 15:00:05]   ✓ project-hub: 最新 (変更なし)
[2026-09-03 15:00:05]   ✓ project-hub: 最新 (変更なし)
[2026-09-03 15:00:06]   ✓ suno-beat-studio: 最新 (変更なし)
[2026-09-03 15:00:06]   ✓ suno-beat-studio: 最新 (変更なし)
[2026-09-03 15:00:06] 🔽 PULL完了: 成功=4, 失敗=0
[2026-09-03 15:00:06] 🔽 PULL完了: 成功=4, 失敗=0

[2026-09-03 15:00:06] 🔼 === AUTO-PUSH 開始 ===
[2026-09-03 15:00:06] 🔼 === AUTO-PUSH 開始 ===
[2026-09-03 15:00:06] 🔼 PUSH: 変更なし (全4プロジェクト最新)
[2026-09-03 15:00:06] 🔼 PUSH: 変更なし (全4プロジェクト最新)
[2026-09-03 15:15:01] 🔽 === AUTO-PULL 開始 ===
[2026-09-03 15:15:01] 🔽 === AUTO-PULL 開始 ===
[2026-09-03 15:15:02]   ✓ fuuchanpapa-artist-site: 最新 (変更なし)
[2026-09-03 15:15:02]   ✓ fuuchanpapa-artist-site: 最新 (変更なし)
[2026-09-03 16:28:57]   ✓ guitar-vision: 最新 (変更なし)
[2026-09-03 16:28:57]   ✓ guitar-vision: 最新 (変更なし)
[2026-09-03 16:28:58]   ✓ project-hub: 最新 (変更なし)
[2026-09-03 16:28:58]   ✓ project-hub: 最新 (変更なし)
[2026-09-03 16:28:59]   ✓ suno-beat-studio: 最新 (変更なし)
[2026-09-03 16:28:59]   ✓ suno-beat-studio: 最新 (変更なし)
[2026-09-03 16:28:59] 🔽 PULL完了: 成功=4, 失敗=0
[2026-09-03 16:28:59] 🔽 PULL完了: 成功=4, 失敗=0

[2026-09-03 16:28:59] 🔼 === AUTO-PUSH 開始 ===
[2026-09-03 16:28:59] 🔼 === AUTO-PUSH 開始 ===
[2026-09-03 16:28:59] 🔼 PUSH: 変更なし (全4プロジェクト最新)
[2026-09-03 16:28:59] 🔼 PUSH: 変更なし (全4プロジェクト最新)
[2026-09-03 16:30:01] 🔽 === AUTO-PULL 開始 ===
[2026-09-03 16:30:01] 🔽 === AUTO-PULL 開始 ===
[2026-09-03 16:30:02]   ✓ fuuchanpapa-artist-site: 最新 (変更なし)
[2026-09-03 16:30:02]   ✓ fuuchanpapa-artist-site: 最新 (変更なし)
[2026-09-03 16:30:04]   ✓ guitar-vision: 最新 (変更なし)
[2026-09-03 16:30:04]   ✓ guitar-vision: 最新 (変更なし)
[2026-09-03 16:30:05]   ✓ project-hub: 最新 (変更なし)
[2026-09-03 16:30:05]   ✓ project-hub: 最新 (変更なし)
[2026-09-03 16:30:06]   ✓ suno-beat-studio: 最新 (変更なし)
[2026-09-03 16:30:06]   ✓ suno-beat-studio: 最新 (変更なし)
[2026-09-03 16:30:06] 🔽 PULL完了: 成功=4, 失敗=0
[2026-09-03 16:30:06] 🔽 PULL完了: 成功=4, 失敗=0

[2026-09-03 16:30:06] 🔼 === AUTO-PUSH 開始 ===
[2026-09-03 16:30:06] 🔼 === AUTO-PUSH 開始 ===
[2026-09-03 16:30:06] 🔼 PUSH: 変更なし (全4プロジェクト最新)
[2026-09-03 16:30:06] 🔼 PUSH: 変更なし (全4プロジェクト最新)
[2026-09-03 16:45:01] 🔽 === AUTO-PULL 開始 ===
[2026-09-03 16:45:01] 🔽 === AUTO-PULL 開始 ===
[2026-09-03 16:45:02]   ✓ fuuchanpapa-artist-site: 最新 (変更なし)
[2026-09-03 16:45:02]   ✓ fuuchanpapa-artist-site: 最新 (変更なし)
[2026-09-03 16:45:03]   ✓ guitar-vision: 最新 (変更なし)
[2026-09-03 16:45:03]   ✓ guitar-vision: 最新 (変更なし)
[2026-09-03 16:45:04]   ✓ project-hub: 最新 (変更なし)
[2026-09-03 16:45:04]   ✓ project-hub: 最新 (変更なし)
[2026-09-03 16:45:05]   ✓ suno-beat-studio: 最新 (変更なし)
[2026-09-03 16:45:05]   ✓ suno-beat-studio: 最新 (変更なし)
[2026-09-03 16:45:05] 🔽 PULL完了: 成功=4, 失敗=0
[2026-09-03 16:45:05] 🔽 PULL完了: 成功=4, 失敗=0

[2026-09-03 16:45:05] 🔼 === AUTO-PUSH 開始 ===
[2026-09-03 16:45:05] 🔼 === AUTO-PUSH 開始 ===
[2026-09-03 16:45:05] 🔼 PUSH: 変更なし (全4プロジェクト最新)
[2026-09-03 16:45:05] 🔼 PUSH: 変更なし (全4プロジェクト最新)
[2026-09-03 17:00:01] 🔽 === AUTO-PULL 開始 ===
[2026-09-03 17:00:01] 🔽 === AUTO-PULL 開始 ===
[2026-09-03 17:00:03]   ✓ fuuchanpapa-artist-site: 最新 (変更なし)
[2026-09-03 17:00:03]   ✓ fuuchanpapa-artist-site: 最新 (変更なし)
[2026-09-03 17:00:04]   ✓ guitar-vision: 最新 (変更なし)
[2026-09-03 17:00:04]   ✓ guitar-vision: 最新 (変更なし)
[2026-09-03 17:00:05]   ✓ project-hub: 最新 (変更なし)
[2026-09-03 17:00:05]   ✓ project-hub: 最新 (変更なし)
[2026-09-03 17:00:06]   ✓ suno-beat-studio: 最新 (変更なし)
[2026-09-03 17:00:06]   ✓ suno-beat-studio: 最新 (変更なし)
[2026-09-03 17:00:06] 🔽 PULL完了: 成功=4, 失敗=0
[2026-09-03 17:00:06] 🔽 PULL完了: 成功=4, 失敗=0

[2026-09-03 17:00:06] 🔼 === AUTO-PUSH 開始 ===
[2026-09-03 17:00:06] 🔼 === AUTO-PUSH 開始 ===
[2026-09-03 17:00:06] 🔼 PUSH: 変更なし (全4プロジェクト最新)
[2026-09-03 17:00:06] 🔼 PUSH: 変更なし (全4プロジェクト最新)
[2026-09-03 17:15:01] 🔽 === AUTO-PULL 開始 ===
[2026-09-03 17:15:01] 🔽 === AUTO-PULL 開始 ===
[2026-09-03 17:15:02]   ✓ fuuchanpapa-artist-site: 最新 (変更なし)
[2026-09-03 17:15:02]   ✓ fuuchanpapa-artist-site: 最新 (変更なし)
[2026-09-03 17:15:04]   ✓ guitar-vision: 最新 (変更なし)
[2026-09-03 17:15:04]   ✓ guitar-vision: 最新 (変更なし)
[2026-09-03 17:15:05]   ✓ project-hub: 最新 (変更なし)
[2026-09-03 17:15:05]   ✓ project-hub: 最新 (変更なし)
[2026-09-03 17:15:06]   ✓ suno-beat-studio: 最新 (変更なし)
[2026-09-03 17:15:06]   ✓ suno-beat-studio: 最新 (変更なし)
[2026-09-03 17:15:06] 🔽 PULL完了: 成功=4, 失敗=0
[2026-09-03 17:15:06] 🔽 PULL完了: 成功=4, 失敗=0

[2026-09-03 17:15:06] 🔼 === AUTO-PUSH 開始 ===
[2026-09-03 17:15:06] 🔼 === AUTO-PUSH 開始 ===
[2026-09-03 17:15:06] 🔼 PUSH: 変更なし (全4プロジェクト最新)
[2026-09-03 17:15:06] 🔼 PUSH: 変更なし (全4プロジェクト最新)
[2026-09-03 17:30:01] 🔽 === AUTO-PULL 開始 ===
[2026-09-03 17:30:01] 🔽 === AUTO-PULL 開始 ===
[2026-09-03 17:30:03]   ✓ fuuchanpapa-artist-site: 最新 (変更なし)
[2026-09-03 17:30:03]   ✓ fuuchanpapa-artist-site: 最新 (変更なし)
[2026-09-03 17:30:04]   ✓ guitar-vision: 最新 (変更なし)
[2026-09-03 17:30:04]   ✓ guitar-vision: 最新 (変更なし)
[2026-09-03 17:30:05]   ✓ project-hub: 最新 (変更なし)
[2026-09-03 17:30:05]   ✓ project-hub: 最新 (変更なし)
[2026-09-03 17:30:06]   ✓ suno-beat-studio: 最新 (変更なし)
[2026-09-03 17:30:06]   ✓ suno-beat-studio: 最新 (変更なし)
[2026-09-03 17:30:06] 🔽 PULL完了: 成功=4, 失敗=0
[2026-09-03 17:30:06] 🔽 PULL完了: 成功=4, 失敗=0

[2026-09-03 17:30:06] 🔼 === AUTO-PUSH 開始 ===
[2026-09-03 17:30:06] 🔼 === AUTO-PUSH 開始 ===
[2026-09-03 17:30:06] 🔼 PUSH: 変更なし (全4プロジェクト最新)
[2026-09-03 17:30:06] 🔼 PUSH: 変更なし (全4プロジェクト最新)
[2026-09-03 17:45:01] 🔽 === AUTO-PULL 開始 ===
[2026-09-03 17:45:01] 🔽 === AUTO-PULL 開始 ===
[2026-09-03 17:45:02]   ✓ fuuchanpapa-artist-site: 最新 (変更なし)
[2026-09-03 17:45:02]   ✓ fuuchanpapa-artist-site: 最新 (変更なし)
[2026-09-03 17:45:03]   ✓ guitar-vision: 最新 (変更なし)
[2026-09-03 17:45:03]   ✓ guitar-vision: 最新 (変更なし)
[2026-09-03 17:45:04]   ✓ project-hub: 最新 (変更なし)
[2026-09-03 17:45:04]   ✓ project-hub: 最新 (変更なし)
[2026-09-03 17:45:06]   ✓ suno-beat-studio: 最新 (変更なし)
[2026-09-03 17:45:06]   ✓ suno-beat-studio: 最新 (変更なし)
[2026-09-03 17:45:06] 🔽 PULL完了: 成功=4, 失敗=0
[2026-09-03 17:45:06] 🔽 PULL完了: 成功=4, 失敗=0

[2026-09-03 17:45:06] 🔼 === AUTO-PUSH 開始 ===
[2026-09-03 17:45:06] 🔼 === AUTO-PUSH 開始 ===
[2026-09-03 17:45:06] 🔼 PUSH: 変更なし (全4プロジェクト最新)
[2026-09-03 17:45:06] 🔼 PUSH: 変更なし (全4プロジェクト最新)
[2026-09-03 18:00:01] 🔽 === AUTO-PULL 開始 ===
[2026-09-03 18:00:01] 🔽 === AUTO-PULL 開始 ===
[2026-09-03 18:00:02]   ✓ fuuchanpapa-artist-site: 最新 (変更なし)
[2026-09-03 18:00:02]   ✓ fuuchanpapa-artist-site: 最新 (変更なし)
[2026-09-03 18:00:04]   ✓ guitar-vision: 最新 (変更なし)
[2026-09-03 18:00:04]   ✓ guitar-vision: 最新 (変更なし)
[2026-09-03 18:00:05]   ✓ project-hub: 最新 (変更なし)
[2026-09-03 18:00:05]   ✓ project-hub: 最新 (変更なし)
[2026-09-03 18:00:06]   ✓ suno-beat-studio: 最新 (変更なし)
[2026-09-03 18:00:06]   ✓ suno-beat-studio: 最新 (変更なし)
[2026-09-03 18:00:06] 🔽 PULL完了: 成功=4, 失敗=0
[2026-09-03 18:00:06] 🔽 PULL完了: 成功=4, 失敗=0

[2026-09-03 18:00:06] 🔼 === AUTO-PUSH 開始 ===
[2026-09-03 18:00:06] 🔼 === AUTO-PUSH 開始 ===
[2026-09-03 18:00:06] 🔼 PUSH: 変更なし (全4プロジェクト最新)
[2026-09-03 18:00:06] 🔼 PUSH: 変更なし (全4プロジェクト最新)
[2026-09-03 18:15:01] 🔽 === AUTO-PULL 開始 ===
[2026-09-03 18:15:01] 🔽 === AUTO-PULL 開始 ===
[2026-09-03 18:15:02]   ✓ fuuchanpapa-artist-site: 最新 (変更なし)
[2026-09-03 18:15:02]   ✓ fuuchanpapa-artist-site: 最新 (変更なし)
[2026-09-03 18:15:03]   ✓ guitar-vision: 最新 (変更なし)
[2026-09-03 18:15:03]   ✓ guitar-vision: 最新 (変更なし)
[2026-09-03 18:15:04]   ✓ project-hub: 最新 (変更なし)
[2026-09-03 18:15:04]   ✓ project-hub: 最新 (変更なし)
[2026-09-03 18:15:05]   ✓ suno-beat-studio: 最新 (変更なし)
[2026-09-03 18:15:05]   ✓ suno-beat-studio: 最新 (変更なし)
[2026-09-03 18:15:05] 🔽 PULL完了: 成功=4, 失敗=0
[2026-09-03 18:15:05] 🔽 PULL完了: 成功=4, 失敗=0

[2026-09-03 18:15:05] 🔼 === AUTO-PUSH 開始 ===
[2026-09-03 18:15:05] 🔼 === AUTO-PUSH 開始 ===
[2026-09-03 18:15:05] 🔼 PUSH: 変更なし (全4プロジェクト最新)
[2026-09-03 18:15:05] 🔼 PUSH: 変更なし (全4プロジェクト最新)
[2026-09-03 18:30:01] 🔽 === AUTO-PULL 開始 ===
[2026-09-03 18:30:01] 🔽 === AUTO-PULL 開始 ===
[2026-09-03 18:30:02]   ✓ fuuchanpapa-artist-site: 最新 (変更なし)
[2026-09-03 18:30:02]   ✓ fuuchanpapa-artist-site: 最新 (変更なし)
[2026-09-03 18:30:03]   ✓ guitar-vision: 最新 (変更なし)
[2026-09-03 18:30:03]   ✓ guitar-vision: 最新 (変更なし)
[2026-09-03 18:30:04]   ✓ project-hub: 最新 (変更なし)
[2026-09-03 18:30:04]   ✓ project-hub: 最新 (変更なし)
[2026-09-03 18:30:05]   ✓ suno-beat-studio: 最新 (変更なし)
[2026-09-03 18:30:05]   ✓ suno-beat-studio: 最新 (変更なし)
[2026-09-03 18:30:05] 🔽 PULL完了: 成功=4, 失敗=0
[2026-09-03 18:30:05] 🔽 PULL完了: 成功=4, 失敗=0

[2026-09-03 18:30:05] 🔼 === AUTO-PUSH 開始 ===
[2026-09-03 18:30:05] 🔼 === AUTO-PUSH 開始 ===
[2026-09-03 18:30:05] 🔼 PUSH: 変更なし (全4プロジェクト最新)
[2026-09-03 18:30:05] 🔼 PUSH: 変更なし (全4プロジェクト最新)
[2026-09-03 18:45:01] 🔽 === AUTO-PULL 開始 ===
[2026-09-03 18:45:01] 🔽 === AUTO-PULL 開始 ===
[2026-09-03 18:45:03]   ✓ fuuchanpapa-artist-site: 最新 (変更なし)
[2026-09-03 18:45:03]   ✓ fuuchanpapa-artist-site: 最新 (変更なし)
[2026-09-03 18:45:04]   ✓ guitar-vision: 最新 (変更なし)
[2026-09-03 18:45:04]   ✓ guitar-vision: 最新 (変更なし)
[2026-09-03 18:45:05]   ✓ project-hub: 最新 (変更なし)
[2026-09-03 18:45:05]   ✓ project-hub: 最新 (変更なし)
[2026-09-03 18:45:06]   ✓ suno-beat-studio: 最新 (変更なし)
[2026-09-03 18:45:06]   ✓ suno-beat-studio: 最新 (変更なし)
[2026-09-03 18:45:06] 🔽 PULL完了: 成功=4, 失敗=0
[2026-09-03 18:45:06] 🔽 PULL完了: 成功=4, 失敗=0

[2026-09-03 18:45:06] 🔼 === AUTO-PUSH 開始 ===
[2026-09-03 18:45:06] 🔼 === AUTO-PUSH 開始 ===
[2026-09-03 18:45:06] 🔼 PUSH: 変更なし (全4プロジェクト最新)
[2026-09-03 18:45:06] 🔼 PUSH: 変更なし (全4プロジェクト最新)
[2026-09-03 19:00:01] 🔽 === AUTO-PULL 開始 ===
[2026-09-03 19:00:01] 🔽 === AUTO-PULL 開始 ===
[2026-09-03 19:00:03]   ✓ fuuchanpapa-artist-site: 最新 (変更なし)
[2026-09-03 19:00:03]   ✓ fuuchanpapa-artist-site: 最新 (変更なし)
[2026-09-03 19:00:04]   ✓ guitar-vision: 最新 (変更なし)
[2026-09-03 19:00:04]   ✓ guitar-vision: 最新 (変更なし)
[2026-09-03 19:00:05]   ✓ project-hub: 最新 (変更なし)
[2026-09-03 19:00:05]   ✓ project-hub: 最新 (変更なし)
[2026-09-03 19:00:06]   ✓ suno-beat-studio: 最新 (変更なし)
[2026-09-03 19:00:06]   ✓ suno-beat-studio: 最新 (変更なし)
[2026-09-03 19:00:06] 🔽 PULL完了: 成功=4, 失敗=0
[2026-09-03 19:00:06] 🔽 PULL完了: 成功=4, 失敗=0

[2026-09-03 19:00:06] 🔼 === AUTO-PUSH 開始 ===
[2026-09-03 19:00:06] 🔼 === AUTO-PUSH 開始 ===
[2026-09-03 19:00:06] 🔼 PUSH: 変更なし (全4プロジェクト最新)
[2026-09-03 19:00:06] 🔼 PUSH: 変更なし (全4プロジェクト最新)
[2026-09-03 19:15:01] 🔽 === AUTO-PULL 開始 ===
[2026-09-03 19:15:01] 🔽 === AUTO-PULL 開始 ===
[2026-09-03 19:15:02]   ✓ fuuchanpapa-artist-site: 最新 (変更なし)
[2026-09-03 19:15:02]   ✓ fuuchanpapa-artist-site: 最新 (変更なし)
[2026-09-03 19:15:03]   ✓ guitar-vision: 最新 (変更なし)
[2026-09-03 19:15:03]   ✓ guitar-vision: 最新 (変更なし)
[2026-09-03 19:15:04]   ✓ project-hub: 最新 (変更なし)
[2026-09-03 19:15:04]   ✓ project-hub: 最新 (変更なし)
[2026-09-03 19:15:05]   ✓ suno-beat-studio: 最新 (変更なし)
[2026-09-03 19:15:05]   ✓ suno-beat-studio: 最新 (変更なし)
[2026-09-03 19:15:05] 🔽 PULL完了: 成功=4, 失敗=0
[2026-09-03 19:15:05] 🔽 PULL完了: 成功=4, 失敗=0

[2026-09-03 19:15:05] 🔼 === AUTO-PUSH 開始 ===
[2026-09-03 19:15:05] 🔼 === AUTO-PUSH 開始 ===
[2026-09-03 19:15:05] 🔼 PUSH: 変更なし (全4プロジェクト最新)
[2026-09-03 19:15:05] 🔼 PUSH: 変更なし (全4プロジェクト最新)
[2026-09-03 19:30:01] 🔽 === AUTO-PULL 開始 ===
[2026-09-03 19:30:01] 🔽 === AUTO-PULL 開始 ===
[2026-09-03 19:30:03]   ✓ fuuchanpapa-artist-site: 最新 (変更なし)
[2026-09-03 19:30:03]   ✓ fuuchanpapa-artist-site: 最新 (変更なし)
[2026-09-03 19:30:04]   ✓ guitar-vision: 最新 (変更なし)
[2026-09-03 19:30:04]   ✓ guitar-vision: 最新 (変更なし)
[2026-09-03 19:30:05]   ✓ project-hub: 最新 (変更なし)
[2026-09-03 19:30:05]   ✓ project-hub: 最新 (変更なし)
[2026-09-03 19:30:06]   ✓ suno-beat-studio: 最新 (変更なし)
[2026-09-03 19:30:06]   ✓ suno-beat-studio: 最新 (変更なし)
[2026-09-03 19:30:06] 🔽 PULL完了: 成功=4, 失敗=0
[2026-09-03 19:30:06] 🔽 PULL完了: 成功=4, 失敗=0

[2026-09-03 19:30:06] 🔼 === AUTO-PUSH 開始 ===
[2026-09-03 19:30:06] 🔼 === AUTO-PUSH 開始 ===
[2026-09-03 19:30:06] 🔼 PUSH: 変更なし (全4プロジェクト最新)
[2026-09-03 19:30:06] 🔼 PUSH: 変更なし (全4プロジェクト最新)
[2026-09-03 19:45:01] 🔽 === AUTO-PULL 開始 ===
[2026-09-03 19:45:01] 🔽 === AUTO-PULL 開始 ===
[2026-09-03 19:45:02]   ✓ fuuchanpapa-artist-site: 最新 (変更なし)
[2026-09-03 19:45:02]   ✓ fuuchanpapa-artist-site: 最新 (変更なし)
[2026-09-03 19:45:03]   ✓ guitar-vision: 最新 (変更なし)
[2026-09-03 19:45:03]   ✓ guitar-vision: 最新 (変更なし)
[2026-09-03 19:45:04]   ✓ project-hub: 最新 (変更なし)
[2026-09-03 19:45:04]   ✓ project-hub: 最新 (変更なし)
[2026-09-03 19:45:05]   ✓ suno-beat-studio: 最新 (変更なし)
[2026-09-03 19:45:05]   ✓ suno-beat-studio: 最新 (変更なし)
[2026-09-03 19:45:05] 🔽 PULL完了: 成功=4, 失敗=0
[2026-09-03 19:45:05] 🔽 PULL完了: 成功=4, 失敗=0

[2026-09-03 19:45:05] 🔼 === AUTO-PUSH 開始 ===
[2026-09-03 19:45:05] 🔼 === AUTO-PUSH 開始 ===
[2026-09-03 19:45:05] 🔼 PUSH: 変更なし (全4プロジェクト最新)
[2026-09-03 19:45:05] 🔼 PUSH: 変更なし (全4プロジェクト最新)
[2026-09-03 20:00:01] 🔽 === AUTO-PULL 開始 ===
[2026-09-03 20:00:01] 🔽 === AUTO-PULL 開始 ===
[2026-09-03 20:00:02]   ✓ fuuchanpapa-artist-site: 最新 (変更なし)
[2026-09-03 20:00:02]   ✓ fuuchanpapa-artist-site: 最新 (変更なし)
[2026-09-03 20:00:04]   ✓ guitar-vision: 最新 (変更なし)
[2026-09-03 20:00:04]   ✓ guitar-vision: 最新 (変更なし)
[2026-09-03 20:00:05]   ✓ project-hub: 最新 (変更なし)
[2026-09-03 20:00:05]   ✓ project-hub: 最新 (変更なし)
[2026-09-03 20:00:06]   ✓ suno-beat-studio: 最新 (変更なし)
[2026-09-03 20:00:06]   ✓ suno-beat-studio: 最新 (変更なし)
[2026-09-03 20:00:06] 🔽 PULL完了: 成功=4, 失敗=0
[2026-09-03 20:00:06] 🔽 PULL完了: 成功=4, 失敗=0

[2026-09-03 20:00:06] 🔼 === AUTO-PUSH 開始 ===
[2026-09-03 20:00:06] 🔼 === AUTO-PUSH 開始 ===
[2026-09-03 20:00:06] 🔼 PUSH: 変更なし (全4プロジェクト最新)
[2026-09-03 20:00:06] 🔼 PUSH: 変更なし (全4プロジェクト最新)
[2026-09-03 20:15:01] 🔽 === AUTO-PULL 開始 ===
[2026-09-03 20:15:01] 🔽 === AUTO-PULL 開始 ===
[2026-09-03 20:15:03]   ✓ fuuchanpapa-artist-site: 最新 (変更なし)
[2026-09-03 20:15:03]   ✓ fuuchanpapa-artist-site: 最新 (変更なし)
[2026-09-03 20:15:04]   ✓ guitar-vision: 最新 (変更なし)
[2026-09-03 20:15:04]   ✓ guitar-vision: 最新 (変更なし)
[2026-09-03 20:15:05]   ✓ project-hub: 最新 (変更なし)
[2026-09-03 20:15:05]   ✓ project-hub: 最新 (変更なし)
[2026-09-03 20:15:06]   ✓ suno-beat-studio: 最新 (変更なし)
[2026-09-03 20:15:06]   ✓ suno-beat-studio: 最新 (変更なし)
[2026-09-03 20:15:06] 🔽 PULL完了: 成功=4, 失敗=0
[2026-09-03 20:15:06] 🔽 PULL完了: 成功=4, 失敗=0

[2026-09-03 20:15:06] 🔼 === AUTO-PUSH 開始 ===
[2026-09-03 20:15:06] 🔼 === AUTO-PUSH 開始 ===
[2026-09-03 20:15:06] 🔼 PUSH: 変更なし (全4プロジェクト最新)
[2026-09-03 20:15:06] 🔼 PUSH: 変更なし (全4プロジェクト最新)
[2026-09-03 21:45:01] 🔽 === AUTO-PULL 開始 ===
[2026-09-03 21:45:01] 🔽 === AUTO-PULL 開始 ===
[2026-09-03 21:45:14]   ✓ fuuchanpapa-artist-site: 最新 (変更なし)
[2026-09-03 21:45:14]   ✓ fuuchanpapa-artist-site: 最新 (変更なし)
[2026-09-03 21:45:27]   ✓ guitar-vision: 最新 (変更なし)
[2026-09-03 21:45:27]   ✓ guitar-vision: 最新 (変更なし)
[2026-09-03 21:45:40]   ✓ project-hub: 最新 (変更なし)
[2026-09-03 21:45:40]   ✓ project-hub: 最新 (変更なし)
[2026-09-03 21:45:53]   ✓ suno-beat-studio: 最新 (変更なし)
[2026-09-03 21:45:53]   ✓ suno-beat-studio: 最新 (変更なし)
[2026-09-03 21:45:53] 🔽 PULL完了: 成功=4, 失敗=0
[2026-09-03 21:45:53] 🔽 PULL完了: 成功=4, 失敗=0

[2026-09-03 21:45:53] 🔼 === AUTO-PUSH 開始 ===
[2026-09-03 21:45:53] 🔼 === AUTO-PUSH 開始 ===
[2026-09-03 21:45:53] 🔼 PUSH: 変更なし (全4プロジェクト最新)
[2026-09-03 21:45:53] 🔼 PUSH: 変更なし (全4プロジェクト最新)
[2026-09-03 22:00:01] 🔽 === AUTO-PULL 開始 ===
[2026-09-03 22:00:01] 🔽 === AUTO-PULL 開始 ===
[2026-09-03 22:00:03]   ✓ fuuchanpapa-artist-site: 最新 (変更なし)
[2026-09-03 22:00:03]   ✓ fuuchanpapa-artist-site: 最新 (変更なし)
[2026-09-03 22:00:04]   ✓ guitar-vision: 最新 (変更なし)
[2026-09-03 22:00:04]   ✓ guitar-vision: 最新 (変更なし)
[2026-09-03 22:00:05]   ✓ project-hub: 最新 (変更なし)
[2026-09-03 22:00:05]   ✓ project-hub: 最新 (変更なし)
[2026-09-03 22:00:06]   ✓ suno-beat-studio: 最新 (変更なし)
[2026-09-03 22:00:06]   ✓ suno-beat-studio: 最新 (変更なし)
[2026-09-03 22:00:06] 🔽 PULL完了: 成功=4, 失敗=0
[2026-09-03 22:00:06] 🔽 PULL完了: 成功=4, 失敗=0

[2026-09-03 22:00:06] 🔼 === AUTO-PUSH 開始 ===
[2026-09-03 22:00:06] 🔼 === AUTO-PUSH 開始 ===
[2026-09-03 22:00:06] 🔼 PUSH: 変更なし (全4プロジェクト最新)
[2026-09-03 22:00:06] 🔼 PUSH: 変更なし (全4プロジェクト最新)
[2026-09-03 22:15:01] 🔽 === AUTO-PULL 開始 ===
[2026-09-03 22:15:01] 🔽 === AUTO-PULL 開始 ===
[2026-09-03 22:15:02]   ✓ fuuchanpapa-artist-site: 最新 (変更なし)
[2026-09-03 22:15:02]   ✓ fuuchanpapa-artist-site: 最新 (変更なし)
[2026-09-03 22:15:03]   ✓ guitar-vision: 最新 (変更なし)
[2026-09-03 22:15:03]   ✓ guitar-vision: 最新 (変更なし)
[2026-09-03 22:15:04]   ✓ project-hub: 最新 (変更なし)
[2026-09-03 22:15:04]   ✓ project-hub: 最新 (変更なし)
[2026-09-03 22:15:05]   ✓ suno-beat-studio: 最新 (変更なし)
[2026-09-03 22:15:05]   ✓ suno-beat-studio: 最新 (変更なし)
[2026-09-03 22:15:05] 🔽 PULL完了: 成功=4, 失敗=0
[2026-09-03 22:15:05] 🔽 PULL完了: 成功=4, 失敗=0

[2026-09-03 22:15:05] 🔼 === AUTO-PUSH 開始 ===
[2026-09-03 22:15:05] 🔼 === AUTO-PUSH 開始 ===
[2026-09-03 22:15:05] 🔼 PUSH: 変更なし (全4プロジェクト最新)
[2026-09-03 22:15:05] 🔼 PUSH: 変更なし (全4プロジェクト最新)
[2026-09-03 22:30:01] 🔽 === AUTO-PULL 開始 ===
[2026-09-03 22:30:01] 🔽 === AUTO-PULL 開始 ===
[2026-09-03 22:30:03]   ✓ fuuchanpapa-artist-site: 最新 (変更なし)
[2026-09-03 22:30:03]   ✓ fuuchanpapa-artist-site: 最新 (変更なし)
[2026-09-03 22:30:04]   ✓ guitar-vision: 最新 (変更なし)
[2026-09-03 22:30:04]   ✓ guitar-vision: 最新 (変更なし)
[2026-09-03 22:30:05]   ✓ project-hub: 最新 (変更なし)
[2026-09-03 22:30:05]   ✓ project-hub: 最新 (変更なし)
[2026-09-03 22:30:06]   ✓ suno-beat-studio: 最新 (変更なし)
[2026-09-03 22:30:06]   ✓ suno-beat-studio: 最新 (変更なし)
[2026-09-03 22:30:06] 🔽 PULL完了: 成功=4, 失敗=0
[2026-09-03 22:30:06] 🔽 PULL完了: 成功=4, 失敗=0

[2026-09-03 22:30:06] 🔼 === AUTO-PUSH 開始 ===
[2026-09-03 22:30:06] 🔼 === AUTO-PUSH 開始 ===
[2026-09-03 22:30:06] 🔼 PUSH: 変更なし (全4プロジェクト最新)
[2026-09-03 22:30:06] 🔼 PUSH: 変更なし (全4プロジェクト最新)
[2026-09-03 22:45:01] 🔽 === AUTO-PULL 開始 ===
[2026-09-03 22:45:01] 🔽 === AUTO-PULL 開始 ===
[2026-09-03 22:45:03]   ✓ fuuchanpapa-artist-site: 最新 (変更なし)
[2026-09-03 22:45:03]   ✓ fuuchanpapa-artist-site: 最新 (変更なし)
[2026-09-03 22:45:04]   ✓ guitar-vision: 最新 (変更なし)
[2026-09-03 22:45:04]   ✓ guitar-vision: 最新 (変更なし)
[2026-09-03 22:45:05]   ✓ project-hub: 最新 (変更なし)
[2026-09-03 22:45:05]   ✓ project-hub: 最新 (変更なし)
[2026-09-03 22:45:06]   ✓ suno-beat-studio: 最新 (変更なし)
[2026-09-03 22:45:06]   ✓ suno-beat-studio: 最新 (変更なし)
[2026-09-03 22:45:06] 🔽 PULL完了: 成功=4, 失敗=0
[2026-09-03 22:45:06] 🔽 PULL完了: 成功=4, 失敗=0

[2026-09-03 22:45:06] 🔼 === AUTO-PUSH 開始 ===
[2026-09-03 22:45:06] 🔼 === AUTO-PUSH 開始 ===
[2026-09-03 22:45:06] 🔼 PUSH: 変更なし (全4プロジェクト最新)
[2026-09-03 22:45:06] 🔼 PUSH: 変更なし (全4プロジェクト最新)
[2026-09-03 23:00:01] 🔽 === AUTO-PULL 開始 ===
[2026-09-03 23:00:01] 🔽 === AUTO-PULL 開始 ===
[2026-09-03 23:00:02]   ✓ fuuchanpapa-artist-site: 最新 (変更なし)
[2026-09-03 23:00:02]   ✓ fuuchanpapa-artist-site: 最新 (変更なし)
[2026-09-03 23:00:04]   ✓ guitar-vision: 最新 (変更なし)
[2026-09-03 23:00:04]   ✓ guitar-vision: 最新 (変更なし)
[2026-09-03 23:00:05]   ✓ project-hub: 最新 (変更なし)
[2026-09-03 23:00:05]   ✓ project-hub: 最新 (変更なし)
[2026-09-03 23:00:06]   ✓ suno-beat-studio: 最新 (変更なし)
[2026-09-03 23:00:06]   ✓ suno-beat-studio: 最新 (変更なし)
[2026-09-03 23:00:06] 🔽 PULL完了: 成功=4, 失敗=0
[2026-09-03 23:00:06] 🔽 PULL完了: 成功=4, 失敗=0

[2026-09-03 23:00:06] 🔼 === AUTO-PUSH 開始 ===
[2026-09-03 23:00:06] 🔼 === AUTO-PUSH 開始 ===
[2026-09-03 23:00:06] 🔼 PUSH: 変更なし (全4プロジェクト最新)
[2026-09-03 23:00:06] 🔼 PUSH: 変更なし (全4プロジェクト最新)
[2026-09-03 23:15:01] 🔽 === AUTO-PULL 開始 ===
[2026-09-03 23:15:01] 🔽 === AUTO-PULL 開始 ===
[2026-09-03 23:15:03]   ✓ fuuchanpapa-artist-site: 最新 (変更なし)
[2026-09-03 23:15:03]   ✓ fuuchanpapa-artist-site: 最新 (変更なし)
[2026-09-03 23:15:04]   ✓ guitar-vision: 最新 (変更なし)
[2026-09-03 23:15:04]   ✓ guitar-vision: 最新 (変更なし)
[2026-09-03 23:15:04]   ✓ project-hub: 最新 (変更なし)
[2026-09-03 23:15:04]   ✓ project-hub: 最新 (変更なし)
[2026-09-03 23:15:05]   ✓ suno-beat-studio: 最新 (変更なし)
[2026-09-03 23:15:05]   ✓ suno-beat-studio: 最新 (変更なし)
[2026-09-03 23:15:05] 🔽 PULL完了: 成功=4, 失敗=0
[2026-09-03 23:15:05] 🔽 PULL完了: 成功=4, 失敗=0

[2026-09-03 23:15:05] 🔼 === AUTO-PUSH 開始 ===
[2026-09-03 23:15:05] 🔼 === AUTO-PUSH 開始 ===
[2026-09-03 23:15:05] 🔼 PUSH: 変更なし (全4プロジェクト最新)
[2026-09-03 23:15:05] 🔼 PUSH: 変更なし (全4プロジェクト最新)
[2026-09-03 23:30:01] 🔽 === AUTO-PULL 開始 ===
[2026-09-03 23:30:01] 🔽 === AUTO-PULL 開始 ===
[2026-09-03 23:30:03]   ✓ fuuchanpapa-artist-site: 最新 (変更なし)
[2026-09-03 23:30:03]   ✓ fuuchanpapa-artist-site: 最新 (変更なし)
[2026-09-03 23:30:04]   ✓ guitar-vision: 最新 (変更なし)
[2026-09-03 23:30:04]   ✓ guitar-vision: 最新 (変更なし)
[2026-09-03 23:30:05]   ✓ project-hub: 最新 (変更なし)
[2026-09-03 23:30:05]   ✓ project-hub: 最新 (変更なし)
[2026-09-03 23:30:05]   ✓ suno-beat-studio: 最新 (変更なし)
[2026-09-03 23:30:05]   ✓ suno-beat-studio: 最新 (変更なし)
[2026-09-03 23:30:05] 🔽 PULL完了: 成功=4, 失敗=0
[2026-09-03 23:30:05] 🔽 PULL完了: 成功=4, 失敗=0

[2026-09-03 23:30:05] 🔼 === AUTO-PUSH 開始 ===
[2026-09-03 23:30:05] 🔼 === AUTO-PUSH 開始 ===
[2026-09-03 23:30:05] 🔼 PUSH: 変更なし (全4プロジェクト最新)
[2026-09-03 23:30:05] 🔼 PUSH: 変更なし (全4プロジェクト最新)
[2026-09-03 23:45:01] 🔽 === AUTO-PULL 開始 ===
[2026-09-03 23:45:01] 🔽 === AUTO-PULL 開始 ===
[2026-09-03 23:45:03]   ✓ fuuchanpapa-artist-site: 最新 (変更なし)
[2026-09-03 23:45:03]   ✓ fuuchanpapa-artist-site: 最新 (変更なし)
[2026-09-03 23:45:04]   ✓ guitar-vision: 最新 (変更なし)
[2026-09-03 23:45:04]   ✓ guitar-vision: 最新 (変更なし)
[2026-09-03 23:45:05]   ✓ project-hub: 最新 (変更なし)
[2026-09-03 23:45:05]   ✓ project-hub: 最新 (変更なし)
[2026-09-03 23:45:05]   ✓ suno-beat-studio: 最新 (変更なし)
[2026-09-03 23:45:05]   ✓ suno-beat-studio: 最新 (変更なし)
[2026-09-03 23:45:05] 🔽 PULL完了: 成功=4, 失敗=0
[2026-09-03 23:45:05] 🔽 PULL完了: 成功=4, 失敗=0

[2026-09-03 23:45:05] 🔼 === AUTO-PUSH 開始 ===
[2026-09-03 23:45:05] 🔼 === AUTO-PUSH 開始 ===
[2026-09-03 23:45:05] 🔼 PUSH: 変更なし (全4プロジェクト最新)
[2026-09-03 23:45:05] 🔼 PUSH: 変更なし (全4プロジェクト最新)
[2026-09-04 00:00:01] 🔽 === AUTO-PULL 開始 ===
[2026-09-04 00:00:01] 🔽 === AUTO-PULL 開始 ===
[2026-09-04 00:00:03]   ✓ fuuchanpapa-artist-site: 最新 (変更なし)
[2026-09-04 00:00:03]   ✓ fuuchanpapa-artist-site: 最新 (変更なし)
[2026-09-04 00:00:04]   ✓ guitar-vision: 最新 (変更なし)
[2026-09-04 00:00:04]   ✓ guitar-vision: 最新 (変更なし)
[2026-09-04 00:00:05]   ✓ project-hub: 最新 (変更なし)
[2026-09-04 00:00:05]   ✓ project-hub: 最新 (変更なし)
[2026-09-04 00:00:06]   ✓ suno-beat-studio: 最新 (変更なし)
[2026-09-04 00:00:06]   ✓ suno-beat-studio: 最新 (変更なし)
[2026-09-04 00:00:06] 🔽 PULL完了: 成功=4, 失敗=0
[2026-09-04 00:00:06] 🔽 PULL完了: 成功=4, 失敗=0

[2026-09-04 00:00:06] 🔼 === AUTO-PUSH 開始 ===
[2026-09-04 00:00:06] 🔼 === AUTO-PUSH 開始 ===
[2026-09-04 00:00:06] 🔼 PUSH: 変更なし (全4プロジェクト最新)
[2026-09-04 00:00:06] 🔼 PUSH: 変更なし (全4プロジェクト最新)
[2026-09-04 00:15:01] 🔽 === AUTO-PULL 開始 ===
[2026-09-04 00:15:01] 🔽 === AUTO-PULL 開始 ===
[2026-09-04 00:15:03]   ✓ fuuchanpapa-artist-site: 最新 (変更なし)
[2026-09-04 00:15:03]   ✓ fuuchanpapa-artist-site: 最新 (変更なし)
[2026-09-04 00:15:04]   ✓ guitar-vision: 最新 (変更なし)
[2026-09-04 00:15:04]   ✓ guitar-vision: 最新 (変更なし)
[2026-09-04 00:15:05]   ✓ project-hub: 最新 (変更なし)
[2026-09-04 00:15:05]   ✓ project-hub: 最新 (変更なし)
[2026-09-04 00:15:06]   ✓ suno-beat-studio: 最新 (変更なし)
[2026-09-04 00:15:06]   ✓ suno-beat-studio: 最新 (変更なし)
[2026-09-04 00:15:06] 🔽 PULL完了: 成功=4, 失敗=0
[2026-09-04 00:15:06] 🔽 PULL完了: 成功=4, 失敗=0

[2026-09-04 00:15:06] 🔼 === AUTO-PUSH 開始 ===
[2026-09-04 00:15:06] 🔼 === AUTO-PUSH 開始 ===
[2026-09-04 00:15:06] 🔼 PUSH: 変更なし (全4プロジェクト最新)
[2026-09-04 00:15:06] 🔼 PUSH: 変更なし (全4プロジェクト最新)
[2026-09-04 00:30:01] 🔽 === AUTO-PULL 開始 ===
[2026-09-04 00:30:01] 🔽 === AUTO-PULL 開始 ===
[2026-09-04 00:30:02]   ✓ fuuchanpapa-artist-site: 最新 (変更なし)
[2026-09-04 00:30:02]   ✓ fuuchanpapa-artist-site: 最新 (変更なし)
[2026-09-04 00:30:03]   ✓ guitar-vision: 最新 (変更なし)
[2026-09-04 00:30:03]   ✓ guitar-vision: 最新 (変更なし)
[2026-09-04 00:30:04]   ✓ project-hub: 最新 (変更なし)
[2026-09-04 00:30:04]   ✓ project-hub: 最新 (変更なし)
[2026-09-04 00:30:05]   ✓ suno-beat-studio: 最新 (変更なし)
[2026-09-04 00:30:05]   ✓ suno-beat-studio: 最新 (変更なし)
[2026-09-04 00:30:05] 🔽 PULL完了: 成功=4, 失敗=0
[2026-09-04 00:30:05] 🔽 PULL完了: 成功=4, 失敗=0

[2026-09-04 00:30:06] 🔼 === AUTO-PUSH 開始 ===
[2026-09-04 00:30:06] 🔼 === AUTO-PUSH 開始 ===
[2026-09-04 00:30:06] 🔼 PUSH: 変更なし (全4プロジェクト最新)
[2026-09-04 00:30:06] 🔼 PUSH: 変更なし (全4プロジェクト最新)
[2026-09-04 02:00:01] 🔽 === AUTO-PULL 開始 ===
[2026-09-04 02:00:01] 🔽 === AUTO-PULL 開始 ===
[2026-09-04 02:00:03]   ✓ fuuchanpapa-artist-site: 最新 (変更なし)
[2026-09-04 02:00:03]   ✓ fuuchanpapa-artist-site: 最新 (変更なし)
[2026-09-04 02:00:04]   ✓ guitar-vision: 最新 (変更なし)
[2026-09-04 02:00:04]   ✓ guitar-vision: 最新 (変更なし)
[2026-09-04 02:00:05]   ✓ project-hub: 最新 (変更なし)
[2026-09-04 02:00:05]   ✓ project-hub: 最新 (変更なし)
[2026-09-04 02:00:06]   ✓ suno-beat-studio: 最新 (変更なし)
[2026-09-04 02:00:06]   ✓ suno-beat-studio: 最新 (変更なし)
[2026-09-04 02:00:06] 🔽 PULL完了: 成功=4, 失敗=0
[2026-09-04 02:00:06] 🔽 PULL完了: 成功=4, 失敗=0

[2026-09-04 02:00:06] 🔼 === AUTO-PUSH 開始 ===
[2026-09-04 02:00:06] 🔼 === AUTO-PUSH 開始 ===
[2026-09-04 02:00:06] 🔼 PUSH: 変更なし (全4プロジェクト最新)
[2026-09-04 02:00:06] 🔼 PUSH: 変更なし (全4プロジェクト最新)
[2026-09-04 02:15:01] 🔽 === AUTO-PULL 開始 ===
[2026-09-04 02:15:01] 🔽 === AUTO-PULL 開始 ===
[2026-09-04 02:15:02]   ✓ fuuchanpapa-artist-site: 最新 (変更なし)
[2026-09-04 02:15:02]   ✓ fuuchanpapa-artist-site: 最新 (変更なし)
[2026-09-04 02:15:03]   ✓ guitar-vision: 最新 (変更なし)
[2026-09-04 02:15:03]   ✓ guitar-vision: 最新 (変更なし)
[2026-09-04 02:15:04]   ✓ project-hub: 最新 (変更なし)
[2026-09-04 02:15:04]   ✓ project-hub: 最新 (変更なし)
[2026-09-04 02:15:05]   ✓ suno-beat-studio: 最新 (変更なし)
[2026-09-04 02:15:05]   ✓ suno-beat-studio: 最新 (変更なし)
[2026-09-04 02:15:05] 🔽 PULL完了: 成功=4, 失敗=0
[2026-09-04 02:15:05] 🔽 PULL完了: 成功=4, 失敗=0

[2026-09-04 02:15:05] 🔼 === AUTO-PUSH 開始 ===
[2026-09-04 02:15:05] 🔼 === AUTO-PUSH 開始 ===
[2026-09-04 02:15:05] 🔼 PUSH: 変更なし (全4プロジェクト最新)
[2026-09-04 02:15:05] 🔼 PUSH: 変更なし (全4プロジェクト最新)
[2026-09-04 02:30:01] 🔽 === AUTO-PULL 開始 ===
[2026-09-04 02:30:01] 🔽 === AUTO-PULL 開始 ===
[2026-09-04 02:30:03]   ✓ fuuchanpapa-artist-site: 最新 (変更なし)
[2026-09-04 02:30:03]   ✓ fuuchanpapa-artist-site: 最新 (変更なし)
[2026-09-04 02:30:04]   ✓ guitar-vision: 最新 (変更なし)
[2026-09-04 02:30:04]   ✓ guitar-vision: 最新 (変更なし)
[2026-09-04 02:30:05]   ✓ project-hub: 最新 (変更なし)
[2026-09-04 02:30:05]   ✓ project-hub: 最新 (変更なし)
[2026-09-04 02:30:06]   ✓ suno-beat-studio: 最新 (変更なし)
[2026-09-04 02:30:06]   ✓ suno-beat-studio: 最新 (変更なし)
[2026-09-04 02:30:06] 🔽 PULL完了: 成功=4, 失敗=0
[2026-09-04 02:30:06] 🔽 PULL完了: 成功=4, 失敗=0

[2026-09-04 02:30:06] 🔼 === AUTO-PUSH 開始 ===
[2026-09-04 02:30:06] 🔼 === AUTO-PUSH 開始 ===
[main b68d343] 🔄 Auto-sync from penguin: 新規4件 変更3件(09/04 02:30)
 7 files changed, 1404 insertions(+), 4 deletions(-)
 create mode 100644 src/components/ScrollingTab/ScrollingTab.tsx
 create mode 100644 src/data/tabPhrases.ts
 create mode 100644 src/modes/TabScrollMode.tsx
 create mode 100644 src/types/tab.ts
[2026-09-04 02:30:08]   ✅ guitar-vision: push完了 (新規4件 変更3件)
[2026-09-04 02:30:08]   ✅ guitar-vision: push完了 (新規4件 変更3件)
[2026-09-04 02:30:09] 🔼 PUSH完了: push=1, スキップ=3
[2026-09-04 02:30:09] 🔼 PUSH完了: push=1, スキップ=3
[2026-09-04 02:45:01] 🔽 === AUTO-PULL 開始 ===
[2026-09-04 02:45:01] 🔽 === AUTO-PULL 開始 ===
[2026-09-04 02:45:02]   ✓ fuuchanpapa-artist-site: 最新 (変更なし)
[2026-09-04 02:45:02]   ✓ fuuchanpapa-artist-site: 最新 (変更なし)
[2026-09-04 02:45:03]   ✓ guitar-vision: 最新 (変更なし)
[2026-09-04 02:45:03]   ✓ guitar-vision: 最新 (変更なし)
[2026-09-04 02:45:04]   ✓ project-hub: 最新 (変更なし)
[2026-09-04 02:45:04]   ✓ project-hub: 最新 (変更なし)
[2026-09-04 02:45:05]   ✓ suno-beat-studio: 最新 (変更なし)
[2026-09-04 02:45:05]   ✓ suno-beat-studio: 最新 (変更なし)
[2026-09-04 02:45:05] 🔽 PULL完了: 成功=4, 失敗=0
[2026-09-04 02:45:05] 🔽 PULL完了: 成功=4, 失敗=0

[2026-09-04 02:45:05] 🔼 === AUTO-PUSH 開始 ===
[2026-09-04 02:45:05] 🔼 === AUTO-PUSH 開始 ===
[2026-09-04 02:45:05] 🔼 PUSH: 変更なし (全4プロジェクト最新)
[2026-09-04 02:45:05] 🔼 PUSH: 変更なし (全4プロジェクト最新)
[2026-09-04 03:00:01] 🔽 === AUTO-PULL 開始 ===
[2026-09-04 03:00:01] 🔽 === AUTO-PULL 開始 ===
[2026-09-04 03:00:02]   ✓ fuuchanpapa-artist-site: 最新 (変更なし)
[2026-09-04 03:00:02]   ✓ fuuchanpapa-artist-site: 最新 (変更なし)
[2026-09-04 03:00:03]   ✓ guitar-vision: 最新 (変更なし)
[2026-09-04 03:00:03]   ✓ guitar-vision: 最新 (変更なし)
[2026-09-04 03:00:04]   ✓ project-hub: 最新 (変更なし)
[2026-09-04 03:00:04]   ✓ project-hub: 最新 (変更なし)
[2026-09-04 03:00:05]   ✓ suno-beat-studio: 最新 (変更なし)
[2026-09-04 03:00:05]   ✓ suno-beat-studio: 最新 (変更なし)
[2026-09-04 03:00:05] 🔽 PULL完了: 成功=4, 失敗=0
[2026-09-04 03:00:05] 🔽 PULL完了: 成功=4, 失敗=0

[2026-09-04 03:00:05] 🔼 === AUTO-PUSH 開始 ===
[2026-09-04 03:00:05] 🔼 === AUTO-PUSH 開始 ===
[2026-09-04 03:00:05] 🔼 PUSH: 変更なし (全4プロジェクト最新)
[2026-09-04 03:00:05] 🔼 PUSH: 変更なし (全4プロジェクト最新)
[2026-09-04 03:15:01] 🔽 === AUTO-PULL 開始 ===
[2026-09-04 03:15:01] 🔽 === AUTO-PULL 開始 ===
[2026-09-04 03:15:03]   ✓ fuuchanpapa-artist-site: 最新 (変更なし)
[2026-09-04 03:15:03]   ✓ fuuchanpapa-artist-site: 最新 (変更なし)
[2026-09-04 03:15:04]   ✓ guitar-vision: 最新 (変更なし)
[2026-09-04 03:15:04]   ✓ guitar-vision: 最新 (変更なし)
[2026-09-04 03:15:04]   ✓ project-hub: 最新 (変更なし)
[2026-09-04 03:15:04]   ✓ project-hub: 最新 (変更なし)
[2026-09-04 03:15:06]   ✓ suno-beat-studio: 最新 (変更なし)
[2026-09-04 03:15:06]   ✓ suno-beat-studio: 最新 (変更なし)
[2026-09-04 03:15:06] 🔽 PULL完了: 成功=4, 失敗=0
[2026-09-04 03:15:06] 🔽 PULL完了: 成功=4, 失敗=0

[2026-09-04 03:15:06] 🔼 === AUTO-PUSH 開始 ===
[2026-09-04 03:15:06] 🔼 === AUTO-PUSH 開始 ===
[2026-09-04 03:15:06] 🔼 PUSH: 変更なし (全4プロジェクト最新)
[2026-09-04 03:15:06] 🔼 PUSH: 変更なし (全4プロジェクト最新)
[2026-09-04 03:30:01] 🔽 === AUTO-PULL 開始 ===
[2026-09-04 03:30:01] 🔽 === AUTO-PULL 開始 ===
[2026-09-04 03:30:02]   ✓ fuuchanpapa-artist-site: 最新 (変更なし)
[2026-09-04 03:30:02]   ✓ fuuchanpapa-artist-site: 最新 (変更なし)
[2026-09-04 03:30:03]   ✓ guitar-vision: 最新 (変更なし)
[2026-09-04 03:30:03]   ✓ guitar-vision: 最新 (変更なし)
[2026-09-04 03:30:04]   ✓ project-hub: 最新 (変更なし)
[2026-09-04 03:30:04]   ✓ project-hub: 最新 (変更なし)
[2026-09-04 03:30:05]   ✓ suno-beat-studio: 最新 (変更なし)
[2026-09-04 03:30:05]   ✓ suno-beat-studio: 最新 (変更なし)
[2026-09-04 03:30:05] 🔽 PULL完了: 成功=4, 失敗=0
[2026-09-04 03:30:05] 🔽 PULL完了: 成功=4, 失敗=0

[2026-09-04 03:30:05] 🔼 === AUTO-PUSH 開始 ===
[2026-09-04 03:30:05] 🔼 === AUTO-PUSH 開始 ===
[2026-09-04 03:30:05] 🔼 PUSH: 変更なし (全4プロジェクト最新)
[2026-09-04 03:30:05] 🔼 PUSH: 変更なし (全4プロジェクト最新)
[2026-09-04 04:00:01] 🔽 === AUTO-PULL 開始 ===
[2026-09-04 04:00:01] 🔽 === AUTO-PULL 開始 ===
[2026-09-04 04:00:06]   ✓ fuuchanpapa-artist-site: 最新 (変更なし)
[2026-09-04 04:00:06]   ✓ fuuchanpapa-artist-site: 最新 (変更なし)
[2026-09-04 04:00:07]   ✓ guitar-vision: 最新 (変更なし)
[2026-09-04 04:00:07]   ✓ guitar-vision: 最新 (変更なし)
[2026-09-04 04:00:08]   ✓ project-hub: 最新 (変更なし)
[2026-09-04 04:00:08]   ✓ project-hub: 最新 (変更なし)
[2026-09-04 04:00:10]   ✓ suno-beat-studio: 最新 (変更なし)
[2026-09-04 04:00:10]   ✓ suno-beat-studio: 最新 (変更なし)
[2026-09-04 04:00:10] 🔽 PULL完了: 成功=4, 失敗=0
[2026-09-04 04:00:10] 🔽 PULL完了: 成功=4, 失敗=0

[2026-09-04 04:00:10] 🔼 === AUTO-PUSH 開始 ===
[2026-09-04 04:00:10] 🔼 === AUTO-PUSH 開始 ===
[main 2c80fbb] 🔄 Auto-sync from penguin: 変更2件(09/04 04:00)
 2 files changed, 3 insertions(+), 3 deletions(-)
[2026-09-04 04:00:12]   ✅ guitar-vision: push完了 (変更2件)
[2026-09-04 04:00:12]   ✅ guitar-vision: push完了 (変更2件)
[2026-09-04 04:00:12] 🔼 PUSH完了: push=1, スキップ=3
[2026-09-04 04:00:12] 🔼 PUSH完了: push=1, スキップ=3
[2026-09-04 04:14:37] 🔽 === AUTO-PULL 開始 ===
[2026-09-04 04:14:38]   ✓ fuuchanpapa-artist-site: 最新 (変更なし)
[2026-09-04 04:14:39]   ✓ guitar-vision: 最新 (変更なし)
[2026-09-04 04:14:40]   ✓ project-hub: 最新 (変更なし)
[2026-09-04 04:14:40]   ✓ suno-beat-studio: 最新 (変更なし)
[2026-09-04 04:14:41] 🔽 PULL完了: 成功=4, 失敗=0
[2026-09-04 04:15:01] 🔽 === AUTO-PULL 開始 ===
[2026-09-04 04:15:01] 🔽 === AUTO-PULL 開始 ===
[2026-09-04 04:15:02]   ✓ fuuchanpapa-artist-site: 最新 (変更なし)
[2026-09-04 04:15:02]   ✓ fuuchanpapa-artist-site: 最新 (変更なし)
[2026-09-04 04:15:03]   ✓ guitar-vision: 最新 (変更なし)
[2026-09-04 04:15:03]   ✓ guitar-vision: 最新 (変更なし)
[2026-09-04 04:15:04]   ✓ project-hub: 最新 (変更なし)
[2026-09-04 04:15:04]   ✓ project-hub: 最新 (変更なし)
[2026-09-04 04:15:05]   ✓ suno-beat-studio: 最新 (変更なし)
[2026-09-04 04:15:05]   ✓ suno-beat-studio: 最新 (変更なし)
[2026-09-04 04:15:05] 🔽 PULL完了: 成功=4, 失敗=0
[2026-09-04 04:15:05] 🔽 PULL完了: 成功=4, 失敗=0

[2026-09-04 04:15:05] 🔼 === AUTO-PUSH 開始 ===
[2026-09-04 04:15:05] 🔼 === AUTO-PUSH 開始 ===
[2026-09-04 04:15:05] 🔼 PUSH: 変更なし (全4プロジェクト最新)
[2026-09-04 04:15:05] 🔼 PUSH: 変更なし (全4プロジェクト最新)
[2026-09-04 04:30:01] 🔽 === AUTO-PULL 開始 ===
[2026-09-04 04:30:01] 🔽 === AUTO-PULL 開始 ===
[2026-09-04 04:30:02]   ✓ fuuchanpapa-artist-site: 最新 (変更なし)
[2026-09-04 04:30:02]   ✓ fuuchanpapa-artist-site: 最新 (変更なし)
[2026-09-04 04:30:03]   ✓ guitar-vision: 最新 (変更なし)
[2026-09-04 04:30:03]   ✓ guitar-vision: 最新 (変更なし)
[2026-09-04 04:30:04]   ✓ project-hub: 最新 (変更なし)
[2026-09-04 04:30:04]   ✓ project-hub: 最新 (変更なし)
[2026-09-04 04:30:05]   ✓ suno-beat-studio: 最新 (変更なし)
[2026-09-04 04:30:05]   ✓ suno-beat-studio: 最新 (変更なし)
[2026-09-04 04:30:05] 🔽 PULL完了: 成功=4, 失敗=0
[2026-09-04 04:30:05] 🔽 PULL完了: 成功=4, 失敗=0

[2026-09-04 04:30:05] 🔼 === AUTO-PUSH 開始 ===
[2026-09-04 04:30:05] 🔼 === AUTO-PUSH 開始 ===
[2026-09-04 04:30:05] 🔼 PUSH: 変更なし (全4プロジェクト最新)
[2026-09-04 04:30:05] 🔼 PUSH: 変更なし (全4プロジェクト最新)
[2026-09-04 04:45:01] 🔽 === AUTO-PULL 開始 ===
[2026-09-04 04:45:01] 🔽 === AUTO-PULL 開始 ===
[2026-09-04 04:45:02]   ✓ fuuchanpapa-artist-site: 最新 (変更なし)
[2026-09-04 04:45:02]   ✓ fuuchanpapa-artist-site: 最新 (変更なし)
[2026-09-04 04:45:03]   ✓ guitar-vision: 最新 (変更なし)
[2026-09-04 04:45:03]   ✓ guitar-vision: 最新 (変更なし)
[2026-09-04 04:45:04]   ✓ project-hub: 最新 (変更なし)
[2026-09-04 04:45:04]   ✓ project-hub: 最新 (変更なし)
[2026-09-04 04:45:05]   ✓ suno-beat-studio: 最新 (変更なし)
[2026-09-04 04:45:05]   ✓ suno-beat-studio: 最新 (変更なし)
[2026-09-04 04:45:05] 🔽 PULL完了: 成功=4, 失敗=0
[2026-09-04 04:45:05] 🔽 PULL完了: 成功=4, 失敗=0

[2026-09-04 04:45:05] 🔼 === AUTO-PUSH 開始 ===
[2026-09-04 04:45:05] 🔼 === AUTO-PUSH 開始 ===
[2026-09-04 04:45:05] 🔼 PUSH: 変更なし (全4プロジェクト最新)
[2026-09-04 04:45:05] 🔼 PUSH: 変更なし (全4プロジェクト最新)
[2026-09-04 05:00:01] 🔽 === AUTO-PULL 開始 ===
[2026-09-04 05:00:01] 🔽 === AUTO-PULL 開始 ===
[2026-09-04 05:00:03]   ✓ fuuchanpapa-artist-site: 最新 (変更なし)
[2026-09-04 05:00:03]   ✓ fuuchanpapa-artist-site: 最新 (変更なし)
[2026-09-04 05:00:03]   ✓ guitar-vision: 最新 (変更なし)
[2026-09-04 05:00:03]   ✓ guitar-vision: 最新 (変更なし)
[2026-09-04 05:00:04]   ✓ project-hub: 最新 (変更なし)
[2026-09-04 05:00:04]   ✓ project-hub: 最新 (変更なし)
[2026-09-04 05:00:05]   ✓ suno-beat-studio: 最新 (変更なし)
[2026-09-04 05:00:05]   ✓ suno-beat-studio: 最新 (変更なし)
[2026-09-04 05:00:05] 🔽 PULL完了: 成功=4, 失敗=0
[2026-09-04 05:00:05] 🔽 PULL完了: 成功=4, 失敗=0

[2026-09-04 05:00:05] 🔼 === AUTO-PUSH 開始 ===
[2026-09-04 05:00:05] 🔼 === AUTO-PUSH 開始 ===
[2026-09-04 05:00:05] 🔼 PUSH: 変更なし (全4プロジェクト最新)
[2026-09-04 05:00:05] 🔼 PUSH: 変更なし (全4プロジェクト最新)
[2026-09-04 05:15:01] 🔽 === AUTO-PULL 開始 ===
[2026-09-04 05:15:01] 🔽 === AUTO-PULL 開始 ===
[2026-09-04 05:15:03]   ✓ fuuchanpapa-artist-site: 最新 (変更なし)
[2026-09-04 05:15:03]   ✓ fuuchanpapa-artist-site: 最新 (変更なし)
[2026-09-04 05:15:03]   ✓ guitar-vision: 最新 (変更なし)
[2026-09-04 05:15:03]   ✓ guitar-vision: 最新 (変更なし)
[2026-09-04 05:15:04]   ✓ project-hub: 最新 (変更なし)
[2026-09-04 05:15:04]   ✓ project-hub: 最新 (変更なし)
[2026-09-04 05:15:05]   ✓ suno-beat-studio: 最新 (変更なし)
[2026-09-04 05:15:05]   ✓ suno-beat-studio: 最新 (変更なし)
[2026-09-04 05:15:05] 🔽 PULL完了: 成功=4, 失敗=0
[2026-09-04 05:15:05] 🔽 PULL完了: 成功=4, 失敗=0

[2026-09-04 05:15:05] 🔼 === AUTO-PUSH 開始 ===
[2026-09-04 05:15:05] 🔼 === AUTO-PUSH 開始 ===
[2026-09-04 05:15:06] 🔼 PUSH: 変更なし (全4プロジェクト最新)
[2026-09-04 05:15:06] 🔼 PUSH: 変更なし (全4プロジェクト最新)
[2026-09-04 05:30:01] 🔽 === AUTO-PULL 開始 ===
[2026-09-04 05:30:01] 🔽 === AUTO-PULL 開始 ===
[2026-09-04 05:30:02]   ✓ fuuchanpapa-artist-site: 最新 (変更なし)
[2026-09-04 05:30:02]   ✓ fuuchanpapa-artist-site: 最新 (変更なし)
[2026-09-04 05:30:03]   ✓ guitar-vision: 最新 (変更なし)
[2026-09-04 05:30:03]   ✓ guitar-vision: 最新 (変更なし)
[2026-09-04 05:30:04]   ✓ project-hub: 最新 (変更なし)
[2026-09-04 05:30:04]   ✓ project-hub: 最新 (変更なし)
[2026-09-04 05:30:05]   ✓ suno-beat-studio: 最新 (変更なし)
[2026-09-04 05:30:05]   ✓ suno-beat-studio: 最新 (変更なし)
[2026-09-04 05:30:05] 🔽 PULL完了: 成功=4, 失敗=0
[2026-09-04 05:30:05] 🔽 PULL完了: 成功=4, 失敗=0

[2026-09-04 05:30:05] 🔼 === AUTO-PUSH 開始 ===
[2026-09-04 05:30:05] 🔼 === AUTO-PUSH 開始 ===
[2026-09-04 05:30:05] 🔼 PUSH: 変更なし (全4プロジェクト最新)
[2026-09-04 05:30:05] 🔼 PUSH: 変更なし (全4プロジェクト最新)
[2026-09-04 07:00:01] 🔽 === AUTO-PULL 開始 ===
[2026-09-04 07:00:01] 🔽 === AUTO-PULL 開始 ===
[2026-09-04 07:00:03]   ✓ fuuchanpapa-artist-site: 最新 (変更なし)
[2026-09-04 07:00:03]   ✓ fuuchanpapa-artist-site: 最新 (変更なし)
[2026-09-04 07:00:04]   ✓ guitar-vision: 最新 (変更なし)
[2026-09-04 07:00:04]   ✓ guitar-vision: 最新 (変更なし)
[2026-09-04 07:00:05]   ✓ project-hub: 最新 (変更なし)
[2026-09-04 07:00:05]   ✓ project-hub: 最新 (変更なし)
[2026-09-04 07:00:06]   ✓ suno-beat-studio: 最新 (変更なし)
[2026-09-04 07:00:06]   ✓ suno-beat-studio: 最新 (変更なし)
[2026-09-04 07:00:06] 🔽 PULL完了: 成功=4, 失敗=0
[2026-09-04 07:00:06] 🔽 PULL完了: 成功=4, 失敗=0

[2026-09-04 07:00:06] 🔼 === AUTO-PUSH 開始 ===
[2026-09-04 07:00:06] 🔼 === AUTO-PUSH 開始 ===
[2026-09-04 07:00:06] 🔼 PUSH: 変更なし (全4プロジェクト最新)
[2026-09-04 07:00:06] 🔼 PUSH: 変更なし (全4プロジェクト最新)
[2026-09-04 07:15:01] 🔽 === AUTO-PULL 開始 ===
[2026-09-04 07:15:01] 🔽 === AUTO-PULL 開始 ===
[2026-09-04 07:15:03]   ✓ fuuchanpapa-artist-site: 最新 (変更なし)
[2026-09-04 07:15:03]   ✓ fuuchanpapa-artist-site: 最新 (変更なし)
[2026-09-04 07:15:04]   ✓ guitar-vision: 最新 (変更なし)
[2026-09-04 07:15:04]   ✓ guitar-vision: 最新 (変更なし)
[2026-09-04 07:15:04]   ✓ project-hub: 最新 (変更なし)
[2026-09-04 07:15:04]   ✓ project-hub: 最新 (変更なし)
[2026-09-04 07:15:06]   ✓ suno-beat-studio: 最新 (変更なし)
[2026-09-04 07:15:06]   ✓ suno-beat-studio: 最新 (変更なし)
[2026-09-04 07:15:06] 🔽 PULL完了: 成功=4, 失敗=0
[2026-09-04 07:15:06] 🔽 PULL完了: 成功=4, 失敗=0

[2026-09-04 07:15:06] 🔼 === AUTO-PUSH 開始 ===
[2026-09-04 07:15:06] 🔼 === AUTO-PUSH 開始 ===
[2026-09-04 07:15:06] 🔼 PUSH: 変更なし (全4プロジェクト最新)
[2026-09-04 07:15:06] 🔼 PUSH: 変更なし (全4プロジェクト最新)
[2026-09-04 07:30:01] 🔽 === AUTO-PULL 開始 ===
[2026-09-04 07:30:01] 🔽 === AUTO-PULL 開始 ===
[2026-09-04 07:30:02]   ✓ fuuchanpapa-artist-site: 最新 (変更なし)
[2026-09-04 07:30:02]   ✓ fuuchanpapa-artist-site: 最新 (変更なし)
[2026-09-04 07:30:03]   ✓ guitar-vision: 最新 (変更なし)
[2026-09-04 07:30:03]   ✓ guitar-vision: 最新 (変更なし)
[2026-09-04 07:30:04]   ✓ project-hub: 最新 (変更なし)
[2026-09-04 07:30:04]   ✓ project-hub: 最新 (変更なし)
[2026-09-04 07:30:05]   ✓ suno-beat-studio: 最新 (変更なし)
[2026-09-04 07:30:05]   ✓ suno-beat-studio: 最新 (変更なし)
[2026-09-04 07:30:05] 🔽 PULL完了: 成功=4, 失敗=0
[2026-09-04 07:30:05] 🔽 PULL完了: 成功=4, 失敗=0

[2026-09-04 07:30:05] 🔼 === AUTO-PUSH 開始 ===
[2026-09-04 07:30:05] 🔼 === AUTO-PUSH 開始 ===
[2026-09-04 07:30:05] 🔼 PUSH: 変更なし (全4プロジェクト最新)
[2026-09-04 07:30:05] 🔼 PUSH: 変更なし (全4プロジェクト最新)
[2026-09-04 07:45:01] 🔽 === AUTO-PULL 開始 ===
[2026-09-04 07:45:01] 🔽 === AUTO-PULL 開始 ===
[2026-09-04 07:45:03]   ✓ fuuchanpapa-artist-site: 最新 (変更なし)
[2026-09-04 07:45:03]   ✓ fuuchanpapa-artist-site: 最新 (変更なし)
[2026-09-04 07:45:04]   ✓ guitar-vision: 最新 (変更なし)
[2026-09-04 07:45:04]   ✓ guitar-vision: 最新 (変更なし)
[2026-09-04 07:45:05]   ✓ project-hub: 最新 (変更なし)
[2026-09-04 07:45:05]   ✓ project-hub: 最新 (変更なし)
[2026-09-04 07:45:06]   ✓ suno-beat-studio: 最新 (変更なし)
[2026-09-04 07:45:06]   ✓ suno-beat-studio: 最新 (変更なし)
[2026-09-04 07:45:06] 🔽 PULL完了: 成功=4, 失敗=0
[2026-09-04 07:45:06] 🔽 PULL完了: 成功=4, 失敗=0

[2026-09-04 07:45:06] 🔼 === AUTO-PUSH 開始 ===
[2026-09-04 07:45:06] 🔼 === AUTO-PUSH 開始 ===
[2026-09-04 07:45:06] 🔼 PUSH: 変更なし (全4プロジェクト最新)
[2026-09-04 07:45:06] 🔼 PUSH: 変更なし (全4プロジェクト最新)
[2026-09-11 20:29:45] 🔽 === AUTO-PULL 開始 ===
[2026-09-11 20:29:47]   ✅ fuuchanpapa-artist-site: 更新を取得しました
[2026-09-11 20:29:50]   ✅ guitar-vision: 更新を取得しました
[2026-09-11 20:29:51]   ✓ project-hub: 最新 (変更なし)
[2026-09-11 20:29:52]   ✓ suno-beat-studio: 最新 (変更なし)
[2026-09-11 20:29:52] 🔽 PULL完了: 成功=4, 失敗=0
[2026-09-11 20:30:01] 🔽 === AUTO-PULL 開始 ===
[2026-09-11 20:30:01] 🔽 === AUTO-PULL 開始 ===
[2026-09-11 20:30:02]   ✓ fuuchanpapa-artist-site: 最新 (変更なし)
[2026-09-11 20:30:02]   ✓ fuuchanpapa-artist-site: 最新 (変更なし)
[2026-09-11 20:30:03]   ✓ guitar-vision: 最新 (変更なし)
[2026-09-11 20:30:03]   ✓ guitar-vision: 最新 (変更なし)
[2026-09-11 20:30:04]   ✓ project-hub: 最新 (変更なし)
[2026-09-11 20:30:04]   ✓ project-hub: 最新 (変更なし)
[2026-09-11 20:30:05]   ✓ suno-beat-studio: 最新 (変更なし)
[2026-09-11 20:30:05]   ✓ suno-beat-studio: 最新 (変更なし)
[2026-09-11 20:30:05] 🔽 PULL完了: 成功=4, 失敗=0
[2026-09-11 20:30:05] 🔽 PULL完了: 成功=4, 失敗=0

[2026-09-11 20:30:05] 🔼 === AUTO-PUSH 開始 ===
[2026-09-11 20:30:05] 🔼 === AUTO-PUSH 開始 ===
[2026-09-11 20:30:05] 🔼 PUSH: 変更なし (全4プロジェクト最新)
[2026-09-11 20:30:05] 🔼 PUSH: 変更なし (全4プロジェクト最新)
[2026-09-11 20:30:07] 🔽 === AUTO-PULL 開始 ===
[2026-09-11 20:30:08]   ✓ fuuchanpapa-artist-site: 最新 (変更なし)
[2026-09-11 20:30:09]   ✓ guitar-vision: 最新 (変更なし)
[2026-09-11 20:30:09]   ✓ project-hub: 最新 (変更なし)
[2026-09-11 20:30:10]   ✓ suno-beat-studio: 最新 (変更なし)
[2026-09-11 20:30:10] 🔽 PULL完了: 成功=4, 失敗=0
[2026-09-11 20:30:13] 🔽 === AUTO-PULL 開始 ===
[2026-09-11 20:30:14]   ✓ fuuchanpapa-artist-site: 最新 (変更なし)
[2026-09-11 20:30:15]   ✓ guitar-vision: 最新 (変更なし)
[2026-09-11 20:30:16]   ✓ project-hub: 最新 (変更なし)
[2026-09-11 20:30:17] 🔽 === AUTO-PULL 開始 ===
[2026-09-11 20:30:17]   ✓ suno-beat-studio: 最新 (変更なし)
[2026-09-11 20:30:17] 🔽 PULL完了: 成功=4, 失敗=0
[2026-09-11 20:30:17]   ✓ fuuchanpapa-artist-site: 最新 (変更なし)
[2026-09-11 20:30:18]   ✓ guitar-vision: 最新 (変更なし)
[2026-09-11 20:30:19]   ✓ project-hub: 最新 (変更なし)
[2026-09-11 20:30:20]   ✓ suno-beat-studio: 最新 (変更なし)
[2026-09-11 20:30:20] 🔽 PULL完了: 成功=4, 失敗=0
[2026-09-11 20:45:01] 🔽 === AUTO-PULL 開始 ===
[2026-09-11 20:45:01] 🔽 === AUTO-PULL 開始 ===
[2026-09-11 20:45:02]   ✓ fuuchanpapa-artist-site: 最新 (変更なし)
[2026-09-11 20:45:02]   ✓ fuuchanpapa-artist-site: 最新 (変更なし)
[2026-09-11 20:45:03]   ✓ guitar-vision: 最新 (変更なし)
[2026-09-11 20:45:03]   ✓ guitar-vision: 最新 (変更なし)
[2026-09-11 20:45:04]   ✓ project-hub: 最新 (変更なし)
[2026-09-11 20:45:04]   ✓ project-hub: 最新 (変更なし)
[2026-09-11 20:45:05]   ✓ suno-beat-studio: 最新 (変更なし)
[2026-09-11 20:45:05]   ✓ suno-beat-studio: 最新 (変更なし)
[2026-09-11 20:45:05] 🔽 PULL完了: 成功=4, 失敗=0
[2026-09-11 20:45:05] 🔽 PULL完了: 成功=4, 失敗=0

[2026-09-11 20:45:05] 🔼 === AUTO-PUSH 開始 ===
[2026-09-11 20:45:05] 🔼 === AUTO-PUSH 開始 ===
[main df904e8] 🔄 Auto-sync from penguin: 新規1件 変更8件(09/11 20:45)
 9 files changed, 247 insertions(+), 106 deletions(-)
 create mode 100644 src/components/RotateHintBanner.tsx
[2026-09-11 20:45:07]   ✅ guitar-vision: push完了 (新規1件 変更8件)
[2026-09-11 20:45:07]   ✅ guitar-vision: push完了 (新規1件 変更8件)
[2026-09-11 20:45:07] 🔼 PUSH完了: push=1, スキップ=3
[2026-09-11 20:45:07] 🔼 PUSH完了: push=1, スキップ=3
[2026-09-11 21:00:01] 🔽 === AUTO-PULL 開始 ===
[2026-09-11 21:00:01] 🔽 === AUTO-PULL 開始 ===
[2026-09-11 21:00:03]   ✓ fuuchanpapa-artist-site: 最新 (変更なし)
[2026-09-11 21:00:03]   ✓ fuuchanpapa-artist-site: 最新 (変更なし)
[2026-09-11 21:00:04]   ✓ guitar-vision: 最新 (変更なし)
[2026-09-11 21:00:04]   ✓ guitar-vision: 最新 (変更なし)
[2026-09-11 21:00:05]   ✓ project-hub: 最新 (変更なし)
[2026-09-11 21:00:05]   ✓ project-hub: 最新 (変更なし)
[2026-09-11 21:00:07]   ✓ suno-beat-studio: 最新 (変更なし)
[2026-09-11 21:00:07]   ✓ suno-beat-studio: 最新 (変更なし)
[2026-09-11 21:00:07] 🔽 PULL完了: 成功=4, 失敗=0
[2026-09-11 21:00:07] 🔽 PULL完了: 成功=4, 失敗=0

[2026-09-11 21:00:07] 🔼 === AUTO-PUSH 開始 ===
[2026-09-11 21:00:07] 🔼 === AUTO-PUSH 開始 ===
[2026-09-11 21:00:07] 🔼 PUSH: 変更なし (全4プロジェクト最新)
[2026-09-11 21:00:07] 🔼 PUSH: 変更なし (全4プロジェクト最新)
[2026-09-11 21:15:01] 🔽 === AUTO-PULL 開始 ===
[2026-09-11 21:15:01] 🔽 === AUTO-PULL 開始 ===
[2026-09-11 21:15:02]   ✓ fuuchanpapa-artist-site: 最新 (変更なし)
[2026-09-11 21:15:02]   ✓ fuuchanpapa-artist-site: 最新 (変更なし)
[2026-09-11 21:15:03]   ✓ guitar-vision: 最新 (変更なし)
[2026-09-11 21:15:03]   ✓ guitar-vision: 最新 (変更なし)
[2026-09-11 21:15:04]   ✓ project-hub: 最新 (変更なし)
[2026-09-11 21:15:04]   ✓ project-hub: 最新 (変更なし)
[2026-09-11 21:15:05]   ✓ suno-beat-studio: 最新 (変更なし)
[2026-09-11 21:15:05]   ✓ suno-beat-studio: 最新 (変更なし)
[2026-09-11 21:15:05] 🔽 PULL完了: 成功=4, 失敗=0
[2026-09-11 21:15:05] 🔽 PULL完了: 成功=4, 失敗=0

[2026-09-11 21:15:05] 🔼 === AUTO-PUSH 開始 ===
[2026-09-11 21:15:05] 🔼 === AUTO-PUSH 開始 ===
[2026-09-11 21:15:05] 🔼 PUSH: 変更なし (全4プロジェクト最新)
[2026-09-11 21:15:05] 🔼 PUSH: 変更なし (全4プロジェクト最新)
[2026-09-11 21:30:01] 🔽 === AUTO-PULL 開始 ===
[2026-09-11 21:30:01] 🔽 === AUTO-PULL 開始 ===
[2026-09-11 21:30:03]   ✓ fuuchanpapa-artist-site: 最新 (変更なし)
[2026-09-11 21:30:03]   ✓ fuuchanpapa-artist-site: 最新 (変更なし)
[2026-09-11 21:30:04]   ✓ guitar-vision: 最新 (変更なし)
[2026-09-11 21:30:04]   ✓ guitar-vision: 最新 (変更なし)
[2026-09-11 21:30:05]   ✓ project-hub: 最新 (変更なし)
[2026-09-11 21:30:05]   ✓ project-hub: 最新 (変更なし)
[2026-09-11 21:30:06]   ✓ suno-beat-studio: 最新 (変更なし)
[2026-09-11 21:30:06]   ✓ suno-beat-studio: 最新 (変更なし)
[2026-09-11 21:30:06] 🔽 PULL完了: 成功=4, 失敗=0
[2026-09-11 21:30:06] 🔽 PULL完了: 成功=4, 失敗=0

[2026-09-11 21:30:06] 🔼 === AUTO-PUSH 開始 ===
[2026-09-11 21:30:06] 🔼 === AUTO-PUSH 開始 ===
[2026-09-11 21:30:06] 🔼 PUSH: 変更なし (全4プロジェクト最新)
[2026-09-11 21:30:06] 🔼 PUSH: 変更なし (全4プロジェクト最新)
[2026-09-11 21:45:01] 🔽 === AUTO-PULL 開始 ===
[2026-09-11 21:45:01] 🔽 === AUTO-PULL 開始 ===
[2026-09-11 21:45:03]   ✓ fuuchanpapa-artist-site: 最新 (変更なし)
[2026-09-11 21:45:03]   ✓ fuuchanpapa-artist-site: 最新 (変更なし)
[2026-09-11 21:45:04]   ✓ guitar-vision: 最新 (変更なし)
[2026-09-11 21:45:04]   ✓ guitar-vision: 最新 (変更なし)
[2026-09-11 21:45:05]   ✓ project-hub: 最新 (変更なし)
[2026-09-11 21:45:05]   ✓ project-hub: 最新 (変更なし)
[2026-09-11 21:45:06]   ✓ suno-beat-studio: 最新 (変更なし)
[2026-09-11 21:45:06]   ✓ suno-beat-studio: 最新 (変更なし)
[2026-09-11 21:45:06] 🔽 PULL完了: 成功=4, 失敗=0
[2026-09-11 21:45:06] 🔽 PULL完了: 成功=4, 失敗=0

[2026-09-11 21:45:06] 🔼 === AUTO-PUSH 開始 ===
[2026-09-11 21:45:06] 🔼 === AUTO-PUSH 開始 ===
[2026-09-11 21:45:06] 🔼 PUSH: 変更なし (全4プロジェクト最新)
[2026-09-11 21:45:06] 🔼 PUSH: 変更なし (全4プロジェクト最新)
[2026-09-11 22:00:01] 🔽 === AUTO-PULL 開始 ===
[2026-09-11 22:00:01] 🔽 === AUTO-PULL 開始 ===
[2026-09-11 22:00:03]   ✓ fuuchanpapa-artist-site: 最新 (変更なし)
[2026-09-11 22:00:03]   ✓ fuuchanpapa-artist-site: 最新 (変更なし)
[2026-09-11 22:00:04]   ✓ guitar-vision: 最新 (変更なし)
[2026-09-11 22:00:04]   ✓ guitar-vision: 最新 (変更なし)
[2026-09-11 22:00:05]   ✓ project-hub: 最新 (変更なし)
[2026-09-11 22:00:05]   ✓ project-hub: 最新 (変更なし)
[2026-09-11 22:00:06]   ✓ suno-beat-studio: 最新 (変更なし)
[2026-09-11 22:00:06]   ✓ suno-beat-studio: 最新 (変更なし)
[2026-09-11 22:00:06] 🔽 PULL完了: 成功=4, 失敗=0
[2026-09-11 22:00:06] 🔽 PULL完了: 成功=4, 失敗=0

[2026-09-11 22:00:06] 🔼 === AUTO-PUSH 開始 ===
[2026-09-11 22:00:06] 🔼 === AUTO-PUSH 開始 ===
[2026-09-11 22:00:06] 🔼 PUSH: 変更なし (全4プロジェクト最新)
[2026-09-11 22:00:06] 🔼 PUSH: 変更なし (全4プロジェクト最新)
[2026-09-11 22:15:01] 🔽 === AUTO-PULL 開始 ===
[2026-09-11 22:15:01] 🔽 === AUTO-PULL 開始 ===
[2026-09-11 22:15:02]   ✓ fuuchanpapa-artist-site: 最新 (変更なし)
[2026-09-11 22:15:02]   ✓ fuuchanpapa-artist-site: 最新 (変更なし)
[2026-09-11 22:15:03]   ✓ guitar-vision: 最新 (変更なし)
[2026-09-11 22:15:03]   ✓ guitar-vision: 最新 (変更なし)
[2026-09-11 22:15:04]   ✓ project-hub: 最新 (変更なし)
[2026-09-11 22:15:04]   ✓ project-hub: 最新 (変更なし)
[2026-09-11 22:15:05]   ✓ suno-beat-studio: 最新 (変更なし)
[2026-09-11 22:15:05]   ✓ suno-beat-studio: 最新 (変更なし)
[2026-09-11 22:15:05] 🔽 PULL完了: 成功=4, 失敗=0
[2026-09-11 22:15:05] 🔽 PULL完了: 成功=4, 失敗=0

[2026-09-11 22:15:05] 🔼 === AUTO-PUSH 開始 ===
[2026-09-11 22:15:05] 🔼 === AUTO-PUSH 開始 ===
[2026-09-11 22:15:05] 🔼 PUSH: 変更なし (全4プロジェクト最新)
[2026-09-11 22:15:05] 🔼 PUSH: 変更なし (全4プロジェクト最新)
[2026-09-11 22:30:01] 🔽 === AUTO-PULL 開始 ===
[2026-09-11 22:30:01] 🔽 === AUTO-PULL 開始 ===
[2026-09-11 22:30:03]   ✓ fuuchanpapa-artist-site: 最新 (変更なし)
[2026-09-11 22:30:03]   ✓ fuuchanpapa-artist-site: 最新 (変更なし)
[2026-09-11 22:30:04]   ✓ guitar-vision: 最新 (変更なし)
[2026-09-11 22:30:04]   ✓ guitar-vision: 最新 (変更なし)
[2026-09-11 22:30:05]   ✓ project-hub: 最新 (変更なし)
[2026-09-11 22:30:05]   ✓ project-hub: 最新 (変更なし)
[2026-09-11 22:30:06]   ✓ suno-beat-studio: 最新 (変更なし)
[2026-09-11 22:30:06]   ✓ suno-beat-studio: 最新 (変更なし)
[2026-09-11 22:30:06] 🔽 PULL完了: 成功=4, 失敗=0
[2026-09-11 22:30:06] 🔽 PULL完了: 成功=4, 失敗=0

[2026-09-11 22:30:06] 🔼 === AUTO-PUSH 開始 ===
[2026-09-11 22:30:06] 🔼 === AUTO-PUSH 開始 ===
[main 515b7a1] 🔄 Auto-sync from penguin: 変更1件(09/11 22:30)
 1 file changed, 40 insertions(+), 1 deletion(-)
[2026-09-11 22:30:08]   ✅ guitar-vision: push完了 (変更1件)
[2026-09-11 22:30:08]   ✅ guitar-vision: push完了 (変更1件)
[2026-09-11 22:30:08] 🔼 PUSH完了: push=1, スキップ=3
[2026-09-11 22:30:08] 🔼 PUSH完了: push=1, スキップ=3
[2026-09-11 22:45:01] 🔽 === AUTO-PULL 開始 ===
[2026-09-11 22:45:01] 🔽 === AUTO-PULL 開始 ===
[2026-09-11 22:45:03]   ✓ fuuchanpapa-artist-site: 最新 (変更なし)
[2026-09-11 22:45:03]   ✓ fuuchanpapa-artist-site: 最新 (変更なし)
[2026-09-11 22:45:04]   ✓ guitar-vision: 最新 (変更なし)
[2026-09-11 22:45:04]   ✓ guitar-vision: 最新 (変更なし)
[2026-09-11 22:45:05]   ✓ project-hub: 最新 (変更なし)
[2026-09-11 22:45:05]   ✓ project-hub: 最新 (変更なし)
[2026-09-11 22:45:06]   ✓ suno-beat-studio: 最新 (変更なし)
[2026-09-11 22:45:06]   ✓ suno-beat-studio: 最新 (変更なし)
[2026-09-11 22:45:06] 🔽 PULL完了: 成功=4, 失敗=0
[2026-09-11 22:45:06] 🔽 PULL完了: 成功=4, 失敗=0

[2026-09-11 22:45:06] 🔼 === AUTO-PUSH 開始 ===
[2026-09-11 22:45:06] 🔼 === AUTO-PUSH 開始 ===
[2026-09-11 22:45:06] 🔼 PUSH: 変更なし (全4プロジェクト最新)
[2026-09-11 22:45:06] 🔼 PUSH: 変更なし (全4プロジェクト最新)
[2026-09-11 23:00:01] 🔽 === AUTO-PULL 開始 ===
[2026-09-11 23:00:01] 🔽 === AUTO-PULL 開始 ===
[2026-09-11 23:00:03]   ✓ fuuchanpapa-artist-site: 最新 (変更なし)
[2026-09-11 23:00:03]   ✓ fuuchanpapa-artist-site: 最新 (変更なし)
[2026-09-11 23:00:04]   ✓ guitar-vision: 最新 (変更なし)
[2026-09-11 23:00:04]   ✓ guitar-vision: 最新 (変更なし)
[2026-09-11 23:00:06]   ✓ project-hub: 最新 (変更なし)
[2026-09-11 23:00:06]   ✓ project-hub: 最新 (変更なし)
[2026-09-11 23:00:07]   ✓ suno-beat-studio: 最新 (変更なし)
[2026-09-11 23:00:07]   ✓ suno-beat-studio: 最新 (変更なし)
[2026-09-11 23:00:07] 🔽 PULL完了: 成功=4, 失敗=0
[2026-09-11 23:00:07] 🔽 PULL完了: 成功=4, 失敗=0

[2026-09-11 23:00:07] 🔼 === AUTO-PUSH 開始 ===
[2026-09-11 23:00:07] 🔼 === AUTO-PUSH 開始 ===
[2026-09-11 23:00:07] 🔼 PUSH: 変更なし (全4プロジェクト最新)
[2026-09-11 23:00:07] 🔼 PUSH: 変更なし (全4プロジェクト最新)
[2026-09-11 23:15:01] 🔽 === AUTO-PULL 開始 ===
[2026-09-11 23:15:01] 🔽 === AUTO-PULL 開始 ===
[2026-09-11 23:15:02]   ✓ fuuchanpapa-artist-site: 最新 (変更なし)
[2026-09-11 23:15:02]   ✓ fuuchanpapa-artist-site: 最新 (変更なし)
[2026-09-11 23:15:03]   ✓ guitar-vision: 最新 (変更なし)
[2026-09-11 23:15:03]   ✓ guitar-vision: 最新 (変更なし)
[2026-09-11 23:15:04]   ✓ project-hub: 最新 (変更なし)
[2026-09-11 23:15:04]   ✓ project-hub: 最新 (変更なし)
[2026-09-11 23:15:05]   ✓ suno-beat-studio: 最新 (変更なし)
[2026-09-11 23:15:05]   ✓ suno-beat-studio: 最新 (変更なし)
[2026-09-11 23:15:05] 🔽 PULL完了: 成功=4, 失敗=0
[2026-09-11 23:15:05] 🔽 PULL完了: 成功=4, 失敗=0

[2026-09-11 23:15:05] 🔼 === AUTO-PUSH 開始 ===
[2026-09-11 23:15:05] 🔼 === AUTO-PUSH 開始 ===
[2026-09-11 23:15:05] 🔼 PUSH: 変更なし (全4プロジェクト最新)
[2026-09-11 23:15:05] 🔼 PUSH: 変更なし (全4プロジェクト最新)
[2026-09-11 23:30:01] 🔽 === AUTO-PULL 開始 ===
[2026-09-11 23:30:01] 🔽 === AUTO-PULL 開始 ===
[2026-09-11 23:30:03]   ✓ fuuchanpapa-artist-site: 最新 (変更なし)
[2026-09-11 23:30:03]   ✓ fuuchanpapa-artist-site: 最新 (変更なし)
[2026-09-11 23:30:04]   ✓ guitar-vision: 最新 (変更なし)
[2026-09-11 23:30:04]   ✓ guitar-vision: 最新 (変更なし)
[2026-09-11 23:30:05]   ✓ project-hub: 最新 (変更なし)
[2026-09-11 23:30:05]   ✓ project-hub: 最新 (変更なし)
[2026-09-11 23:30:06]   ✓ suno-beat-studio: 最新 (変更なし)
[2026-09-11 23:30:06]   ✓ suno-beat-studio: 最新 (変更なし)
[2026-09-11 23:30:06] 🔽 PULL完了: 成功=4, 失敗=0
[2026-09-11 23:30:06] 🔽 PULL完了: 成功=4, 失敗=0

[2026-09-11 23:30:06] 🔼 === AUTO-PUSH 開始 ===
[2026-09-11 23:30:06] 🔼 === AUTO-PUSH 開始 ===
[2026-09-11 23:30:06] 🔼 PUSH: 変更なし (全4プロジェクト最新)
[2026-09-11 23:30:06] 🔼 PUSH: 変更なし (全4プロジェクト最新)
[2026-09-12 01:30:01] 🔽 === AUTO-PULL 開始 ===
[2026-09-12 01:30:01] 🔽 === AUTO-PULL 開始 ===
[2026-09-12 01:30:08]   ✓ fuuchanpapa-artist-site: 最新 (変更なし)
[2026-09-12 01:30:08]   ✓ fuuchanpapa-artist-site: 最新 (変更なし)
[2026-09-12 01:30:09]   ✓ guitar-vision: 最新 (変更なし)
[2026-09-12 01:30:09]   ✓ guitar-vision: 最新 (変更なし)
[2026-09-12 01:30:10]   ✓ project-hub: 最新 (変更なし)
[2026-09-12 01:30:10]   ✓ project-hub: 最新 (変更なし)
[2026-09-12 01:30:12]   ✓ suno-beat-studio: 最新 (変更なし)
[2026-09-12 01:30:12]   ✓ suno-beat-studio: 最新 (変更なし)
[2026-09-12 01:30:12] 🔽 PULL完了: 成功=4, 失敗=0
[2026-09-12 01:30:12] 🔽 PULL完了: 成功=4, 失敗=0

[2026-09-12 01:30:12] 🔼 === AUTO-PUSH 開始 ===
[2026-09-12 01:30:12] 🔼 === AUTO-PUSH 開始 ===
[main 1a7a544] 🔄 Auto-sync from penguin: 変更1件(09/12 01:30)
 1 file changed, 11 insertions(+), 8 deletions(-)
[2026-09-12 01:30:14]   ✅ guitar-vision: push完了 (変更1件)
[2026-09-12 01:30:14]   ✅ guitar-vision: push完了 (変更1件)
[2026-09-12 01:30:14] 🔼 PUSH完了: push=1, スキップ=3
[2026-09-12 01:30:14] 🔼 PUSH完了: push=1, スキップ=3
[2026-09-12 01:45:01] 🔽 === AUTO-PULL 開始 ===
[2026-09-12 01:45:01] 🔽 === AUTO-PULL 開始 ===
[2026-09-12 01:45:02]   ✓ fuuchanpapa-artist-site: 最新 (変更なし)
[2026-09-12 01:45:02]   ✓ fuuchanpapa-artist-site: 最新 (変更なし)
[2026-09-12 01:45:03]   ✓ guitar-vision: 最新 (変更なし)
[2026-09-12 01:45:03]   ✓ guitar-vision: 最新 (変更なし)
[2026-09-12 01:45:04]   ✓ project-hub: 最新 (変更なし)
[2026-09-12 01:45:04]   ✓ project-hub: 最新 (変更なし)
[2026-09-12 01:45:05]   ✓ suno-beat-studio: 最新 (変更なし)
[2026-09-12 01:45:05]   ✓ suno-beat-studio: 最新 (変更なし)
[2026-09-12 01:45:05] 🔽 PULL完了: 成功=4, 失敗=0
[2026-09-12 01:45:05] 🔽 PULL完了: 成功=4, 失敗=0

[2026-09-12 01:45:05] 🔼 === AUTO-PUSH 開始 ===
[2026-09-12 01:45:05] 🔼 === AUTO-PUSH 開始 ===
[main 8da2808] 🔄 Auto-sync from penguin: 変更1件(09/12 01:45)
 1 file changed, 64 insertions(+), 51 deletions(-)
[2026-09-12 01:45:06]   ✅ guitar-vision: push完了 (変更1件)
[2026-09-12 01:45:06]   ✅ guitar-vision: push完了 (変更1件)
[2026-09-12 01:45:07] 🔼 PUSH完了: push=1, スキップ=3
[2026-09-12 01:45:07] 🔼 PUSH完了: push=1, スキップ=3
[2026-09-12 02:00:01] 🔽 === AUTO-PULL 開始 ===
[2026-09-12 02:00:01] 🔽 === AUTO-PULL 開始 ===
[2026-09-12 02:00:02]   ✓ fuuchanpapa-artist-site: 最新 (変更なし)
[2026-09-12 02:00:02]   ✓ fuuchanpapa-artist-site: 最新 (変更なし)
[2026-09-12 02:00:03]   ✓ guitar-vision: 最新 (変更なし)
[2026-09-12 02:00:03]   ✓ guitar-vision: 最新 (変更なし)
[2026-09-12 02:00:04]   ✓ project-hub: 最新 (変更なし)
[2026-09-12 02:00:04]   ✓ project-hub: 最新 (変更なし)
[2026-09-12 02:00:05]   ✓ suno-beat-studio: 最新 (変更なし)
[2026-09-12 02:00:05]   ✓ suno-beat-studio: 最新 (変更なし)
[2026-09-12 02:00:05] 🔽 PULL完了: 成功=4, 失敗=0
[2026-09-12 02:00:05] 🔽 PULL完了: 成功=4, 失敗=0

[2026-09-12 02:00:05] 🔼 === AUTO-PUSH 開始 ===
[2026-09-12 02:00:05] 🔼 === AUTO-PUSH 開始 ===
[2026-09-12 02:00:05] 🔼 PUSH: 変更なし (全4プロジェクト最新)
[2026-09-12 02:00:05] 🔼 PUSH: 変更なし (全4プロジェクト最新)
[2026-09-12 02:15:01] 🔽 === AUTO-PULL 開始 ===
[2026-09-12 02:15:01] 🔽 === AUTO-PULL 開始 ===
[2026-09-12 02:15:02]   ✓ fuuchanpapa-artist-site: 最新 (変更なし)
[2026-09-12 02:15:02]   ✓ fuuchanpapa-artist-site: 最新 (変更なし)
[2026-09-12 02:15:03]   ✓ guitar-vision: 最新 (変更なし)
[2026-09-12 02:15:03]   ✓ guitar-vision: 最新 (変更なし)
[2026-09-12 02:15:04]   ✓ project-hub: 最新 (変更なし)
[2026-09-12 02:15:04]   ✓ project-hub: 最新 (変更なし)
[2026-09-12 02:15:05]   ✓ suno-beat-studio: 最新 (変更なし)
[2026-09-12 02:15:05]   ✓ suno-beat-studio: 最新 (変更なし)
[2026-09-12 02:15:05] 🔽 PULL完了: 成功=4, 失敗=0
[2026-09-12 02:15:05] 🔽 PULL完了: 成功=4, 失敗=0

[2026-09-12 02:15:05] 🔼 === AUTO-PUSH 開始 ===
[2026-09-12 02:15:05] 🔼 === AUTO-PUSH 開始 ===
[2026-09-12 02:15:05] 🔼 PUSH: 変更なし (全4プロジェクト最新)
[2026-09-12 02:15:05] 🔼 PUSH: 変更なし (全4プロジェクト最新)
[2026-09-12 02:30:01] 🔽 === AUTO-PULL 開始 ===
[2026-09-12 02:30:01] 🔽 === AUTO-PULL 開始 ===
[2026-09-12 02:30:03]   ✓ fuuchanpapa-artist-site: 最新 (変更なし)
[2026-09-12 02:30:03]   ✓ fuuchanpapa-artist-site: 最新 (変更なし)
[2026-09-12 02:30:04]   ✓ guitar-vision: 最新 (変更なし)
[2026-09-12 02:30:04]   ✓ guitar-vision: 最新 (変更なし)
[2026-09-12 02:30:05]   ✓ project-hub: 最新 (変更なし)
[2026-09-12 02:30:05]   ✓ project-hub: 最新 (変更なし)
[2026-09-12 02:30:06]   ✓ suno-beat-studio: 最新 (変更なし)
[2026-09-12 02:30:06]   ✓ suno-beat-studio: 最新 (変更なし)
[2026-09-12 02:30:06] 🔽 PULL完了: 成功=4, 失敗=0
[2026-09-12 02:30:06] 🔽 PULL完了: 成功=4, 失敗=0

[2026-09-12 02:30:06] 🔼 === AUTO-PUSH 開始 ===
[2026-09-12 02:30:06] 🔼 === AUTO-PUSH 開始 ===
[2026-09-12 02:30:06] 🔼 PUSH: 変更なし (全4プロジェクト最新)
[2026-09-12 02:30:06] 🔼 PUSH: 変更なし (全4プロジェクト最新)
[2026-09-12 02:45:01] 🔽 === AUTO-PULL 開始 ===
[2026-09-12 02:45:01] 🔽 === AUTO-PULL 開始 ===
[2026-09-12 02:45:02]   ✓ fuuchanpapa-artist-site: 最新 (変更なし)
[2026-09-12 02:45:02]   ✓ fuuchanpapa-artist-site: 最新 (変更なし)
[2026-09-12 02:45:03]   ✓ guitar-vision: 最新 (変更なし)
[2026-09-12 02:45:03]   ✓ guitar-vision: 最新 (変更なし)
[2026-09-12 02:45:04]   ✓ project-hub: 最新 (変更なし)
[2026-09-12 02:45:04]   ✓ project-hub: 最新 (変更なし)
[2026-09-12 02:45:05]   ✓ suno-beat-studio: 最新 (変更なし)
[2026-09-12 02:45:05]   ✓ suno-beat-studio: 最新 (変更なし)
[2026-09-12 02:45:05] 🔽 PULL完了: 成功=4, 失敗=0
[2026-09-12 02:45:05] 🔽 PULL完了: 成功=4, 失敗=0

[2026-09-12 02:45:05] 🔼 === AUTO-PUSH 開始 ===
[2026-09-12 02:45:05] 🔼 === AUTO-PUSH 開始 ===
[2026-09-12 02:45:05] 🔼 PUSH: 変更なし (全4プロジェクト最新)
[2026-09-12 02:45:05] 🔼 PUSH: 変更なし (全4プロジェクト最新)
[2026-09-12 03:00:01] 🔽 === AUTO-PULL 開始 ===
[2026-09-12 03:00:01] 🔽 === AUTO-PULL 開始 ===
[2026-09-12 03:00:02]   ✓ fuuchanpapa-artist-site: 最新 (変更なし)
[2026-09-12 03:00:02]   ✓ fuuchanpapa-artist-site: 最新 (変更なし)
[2026-09-12 03:00:04]   ✓ guitar-vision: 最新 (変更なし)
[2026-09-12 03:00:04]   ✓ guitar-vision: 最新 (変更なし)
[2026-09-12 03:00:05]   ✓ project-hub: 最新 (変更なし)
[2026-09-12 03:00:05]   ✓ project-hub: 最新 (変更なし)
[2026-09-12 03:00:06]   ✓ suno-beat-studio: 最新 (変更なし)
[2026-09-12 03:00:06]   ✓ suno-beat-studio: 最新 (変更なし)
[2026-09-12 03:00:06] 🔽 PULL完了: 成功=4, 失敗=0
[2026-09-12 03:00:06] 🔽 PULL完了: 成功=4, 失敗=0

[2026-09-12 03:00:06] 🔼 === AUTO-PUSH 開始 ===
[2026-09-12 03:00:06] 🔼 === AUTO-PUSH 開始 ===
[2026-09-12 03:00:06] 🔼 PUSH: 変更なし (全4プロジェクト最新)
[2026-09-12 03:00:06] 🔼 PUSH: 変更なし (全4プロジェクト最新)
[2026-09-12 04:45:01] 🔽 === AUTO-PULL 開始 ===
[2026-09-12 04:45:01] 🔽 === AUTO-PULL 開始 ===
[2026-09-12 04:45:13]   ✓ fuuchanpapa-artist-site: 最新 (変更なし)
[2026-09-12 04:45:13]   ✓ fuuchanpapa-artist-site: 最新 (変更なし)
[2026-09-12 04:45:27]   ✓ guitar-vision: 最新 (変更なし)
[2026-09-12 04:45:27]   ✓ guitar-vision: 最新 (変更なし)
[2026-09-12 04:45:39]   ✓ project-hub: 最新 (変更なし)
[2026-09-12 04:45:39]   ✓ project-hub: 最新 (変更なし)
[2026-09-12 04:45:52]   ✓ suno-beat-studio: 最新 (変更なし)
[2026-09-12 04:45:52]   ✓ suno-beat-studio: 最新 (変更なし)
[2026-09-12 04:45:52] 🔽 PULL完了: 成功=4, 失敗=0
[2026-09-12 04:45:52] 🔽 PULL完了: 成功=4, 失敗=0

[2026-09-12 04:45:52] 🔼 === AUTO-PUSH 開始 ===
[2026-09-12 04:45:52] 🔼 === AUTO-PUSH 開始 ===
[2026-09-12 04:45:52] 🔼 PUSH: 変更なし (全4プロジェクト最新)
[2026-09-12 04:45:52] 🔼 PUSH: 変更なし (全4プロジェクト最新)
[2026-09-13 10:00:23] 🔽 === AUTO-PULL 開始 ===
[2026-09-13 10:00:23] 🔽 === AUTO-PULL 開始 ===
[2026-09-13 10:00:33]   ✓ fuuchanpapa-artist-site: 最新 (変更なし)
[2026-09-13 10:00:33]   ✓ fuuchanpapa-artist-site: 最新 (変更なし)
[2026-09-13 10:00:43]   ✓ guitar-vision: 最新 (変更なし)
[2026-09-13 10:00:43]   ✓ guitar-vision: 最新 (変更なし)
[2026-09-13 10:00:53]   ✓ project-hub: 最新 (変更なし)
[2026-09-13 10:00:53]   ✓ project-hub: 最新 (変更なし)
[2026-09-13 10:01:03]   ✓ suno-beat-studio: 最新 (変更なし)
[2026-09-13 10:01:03]   ✓ suno-beat-studio: 最新 (変更なし)
[2026-09-13 10:01:03] 🔽 PULL完了: 成功=4, 失敗=0
[2026-09-13 10:01:03] 🔽 PULL完了: 成功=4, 失敗=0

[2026-09-13 10:01:03] 🔼 === AUTO-PUSH 開始 ===
[2026-09-13 10:01:03] 🔼 === AUTO-PUSH 開始 ===
[2026-09-13 10:01:03] 🔼 PUSH: 変更なし (全4プロジェクト最新)
[2026-09-13 10:01:03] 🔼 PUSH: 変更なし (全4プロジェクト最新)
[2026-09-13 10:13:23] 🔽 === AUTO-PULL 開始 ===
[2026-09-13 10:13:24]   ✓ fuuchanpapa-artist-site: 最新 (変更なし)
[2026-09-13 10:13:25]   ✓ guitar-vision: 最新 (変更なし)
[2026-09-13 10:13:26]   ✓ project-hub: 最新 (変更なし)
[2026-09-13 10:13:27]   ✓ suno-beat-studio: 最新 (変更なし)
[2026-09-13 10:13:27] 🔽 PULL完了: 成功=4, 失敗=0
[2026-09-13 10:13:31] 🔽 === AUTO-PULL 開始 ===
[2026-09-13 10:13:32]   ✓ fuuchanpapa-artist-site: 最新 (変更なし)
[2026-09-13 10:13:32]   ✓ guitar-vision: 最新 (変更なし)
[2026-09-13 10:13:33]   ✓ project-hub: 最新 (変更なし)
[2026-09-13 10:13:34]   ✓ suno-beat-studio: 最新 (変更なし)
[2026-09-13 10:13:34] 🔽 PULL完了: 成功=4, 失敗=0
[2026-09-13 10:13:37] 🔽 === AUTO-PULL 開始 ===
[2026-09-13 10:13:38]   ✓ fuuchanpapa-artist-site: 最新 (変更なし)
[2026-09-13 10:13:39]   ✓ guitar-vision: 最新 (変更なし)
[2026-09-13 10:13:40]   ✓ project-hub: 最新 (変更なし)
[2026-09-13 10:13:41] 🔽 === AUTO-PULL 開始 ===
[2026-09-13 10:13:41]   ✓ suno-beat-studio: 最新 (変更なし)
[2026-09-13 10:13:41] 🔽 PULL完了: 成功=4, 失敗=0
[2026-09-13 10:13:42]   ✓ fuuchanpapa-artist-site: 最新 (変更なし)
[2026-09-13 10:13:43]   ✓ guitar-vision: 最新 (変更なし)
[2026-09-13 10:13:44]   ✓ project-hub: 最新 (変更なし)
[2026-09-13 10:13:45]   ✓ suno-beat-studio: 最新 (変更なし)
[2026-09-13 10:13:45] 🔽 PULL完了: 成功=4, 失敗=0
[2026-09-13 10:15:01] 🔽 === AUTO-PULL 開始 ===
[2026-09-13 10:15:01] 🔽 === AUTO-PULL 開始 ===
[2026-09-13 10:15:02]   ✓ fuuchanpapa-artist-site: 最新 (変更なし)
[2026-09-13 10:15:02]   ✓ fuuchanpapa-artist-site: 最新 (変更なし)
[2026-09-13 10:15:03]   ✓ guitar-vision: 最新 (変更なし)
[2026-09-13 10:15:03]   ✓ guitar-vision: 最新 (変更なし)
[2026-09-13 10:15:04]   ✓ project-hub: 最新 (変更なし)
[2026-09-13 10:15:04]   ✓ project-hub: 最新 (変更なし)
[2026-09-13 10:15:05]   ✓ suno-beat-studio: 最新 (変更なし)
[2026-09-13 10:15:05]   ✓ suno-beat-studio: 最新 (変更なし)
[2026-09-13 10:15:05] 🔽 PULL完了: 成功=4, 失敗=0
[2026-09-13 10:15:05] 🔽 PULL完了: 成功=4, 失敗=0

[2026-09-13 10:15:05] 🔼 === AUTO-PUSH 開始 ===
[2026-09-13 10:15:05] 🔼 === AUTO-PUSH 開始 ===
[2026-09-13 10:15:05] 🔼 PUSH: 変更なし (全4プロジェクト最新)
[2026-09-13 10:15:05] 🔼 PUSH: 変更なし (全4プロジェクト最新)
[2026-09-13 10:30:01] 🔽 === AUTO-PULL 開始 ===
[2026-09-13 10:30:01] 🔽 === AUTO-PULL 開始 ===
[2026-09-13 10:30:02]   ✓ fuuchanpapa-artist-site: 最新 (変更なし)
[2026-09-13 10:30:02]   ✓ fuuchanpapa-artist-site: 最新 (変更なし)
[2026-09-13 10:30:03]   ✓ guitar-vision: 最新 (変更なし)
[2026-09-13 10:30:03]   ✓ guitar-vision: 最新 (変更なし)
[2026-09-13 10:30:04]   ✓ project-hub: 最新 (変更なし)
[2026-09-13 10:30:04]   ✓ project-hub: 最新 (変更なし)
[2026-09-13 10:30:06]   ✓ suno-beat-studio: 最新 (変更なし)
[2026-09-13 10:30:06]   ✓ suno-beat-studio: 最新 (変更なし)
[2026-09-13 10:30:06] 🔽 PULL完了: 成功=4, 失敗=0
[2026-09-13 10:30:06] 🔽 PULL完了: 成功=4, 失敗=0

[2026-09-13 10:30:06] 🔼 === AUTO-PUSH 開始 ===
[2026-09-13 10:30:06] 🔼 === AUTO-PUSH 開始 ===
[2026-09-13 10:30:06] 🔼 PUSH: 変更なし (全4プロジェクト最新)
[2026-09-13 10:30:06] 🔼 PUSH: 変更なし (全4プロジェクト最新)
[2026-09-13 10:45:01] 🔽 === AUTO-PULL 開始 ===
[2026-09-13 10:45:01] 🔽 === AUTO-PULL 開始 ===
[2026-09-13 10:45:02]   ✓ fuuchanpapa-artist-site: 最新 (変更なし)
[2026-09-13 10:45:02]   ✓ fuuchanpapa-artist-site: 最新 (変更なし)
[2026-09-13 10:45:03]   ✓ guitar-vision: 最新 (変更なし)
[2026-09-13 10:45:03]   ✓ guitar-vision: 最新 (変更なし)
[2026-09-13 10:45:04]   ✓ project-hub: 最新 (変更なし)
[2026-09-13 10:45:04]   ✓ project-hub: 最新 (変更なし)
[2026-09-13 10:45:05]   ✓ suno-beat-studio: 最新 (変更なし)
[2026-09-13 10:45:05]   ✓ suno-beat-studio: 最新 (変更なし)
[2026-09-13 10:45:05] 🔽 PULL完了: 成功=4, 失敗=0
[2026-09-13 10:45:05] 🔽 PULL完了: 成功=4, 失敗=0

[2026-09-13 10:45:05] 🔼 === AUTO-PUSH 開始 ===
[2026-09-13 10:45:05] 🔼 === AUTO-PUSH 開始 ===
[2026-09-13 10:45:05] 🔼 PUSH: 変更なし (全4プロジェクト最新)
[2026-09-13 10:45:05] 🔼 PUSH: 変更なし (全4プロジェクト最新)
[2026-09-13 11:00:01] 🔽 === AUTO-PULL 開始 ===
[2026-09-13 11:00:01] 🔽 === AUTO-PULL 開始 ===
[2026-09-13 11:00:02]   ✓ fuuchanpapa-artist-site: 最新 (変更なし)
[2026-09-13 11:00:02]   ✓ fuuchanpapa-artist-site: 最新 (変更なし)
[2026-09-13 11:00:03]   ✓ guitar-vision: 最新 (変更なし)
[2026-09-13 11:00:03]   ✓ guitar-vision: 最新 (変更なし)
[2026-09-13 11:00:05]   ✓ project-hub: 最新 (変更なし)
[2026-09-13 11:00:05]   ✓ project-hub: 最新 (変更なし)
[2026-09-13 11:00:06]   ✓ suno-beat-studio: 最新 (変更なし)
[2026-09-13 11:00:06]   ✓ suno-beat-studio: 最新 (変更なし)
[2026-09-13 11:00:06] 🔽 PULL完了: 成功=4, 失敗=0
[2026-09-13 11:00:06] 🔽 PULL完了: 成功=4, 失敗=0

[2026-09-13 11:00:06] 🔼 === AUTO-PUSH 開始 ===
[2026-09-13 11:00:06] 🔼 === AUTO-PUSH 開始 ===
[2026-09-13 11:00:06] 🔼 PUSH: 変更なし (全4プロジェクト最新)
[2026-09-13 11:00:06] 🔼 PUSH: 変更なし (全4プロジェクト最新)
[2026-09-13 11:15:01] 🔽 === AUTO-PULL 開始 ===
[2026-09-13 11:15:01] 🔽 === AUTO-PULL 開始 ===
[2026-09-13 11:15:03]   ✓ fuuchanpapa-artist-site: 最新 (変更なし)
[2026-09-13 11:15:03]   ✓ fuuchanpapa-artist-site: 最新 (変更なし)
[2026-09-13 11:15:04]   ✓ guitar-vision: 最新 (変更なし)
[2026-09-13 11:15:04]   ✓ guitar-vision: 最新 (変更なし)
[2026-09-13 11:15:05]   ✓ project-hub: 最新 (変更なし)
[2026-09-13 11:15:05]   ✓ project-hub: 最新 (変更なし)
[2026-09-13 11:15:06]   ✓ suno-beat-studio: 最新 (変更なし)
[2026-09-13 11:15:06]   ✓ suno-beat-studio: 最新 (変更なし)
[2026-09-13 11:15:06] 🔽 PULL完了: 成功=4, 失敗=0
[2026-09-13 11:15:06] 🔽 PULL完了: 成功=4, 失敗=0

[2026-09-13 11:15:06] 🔼 === AUTO-PUSH 開始 ===
[2026-09-13 11:15:06] 🔼 === AUTO-PUSH 開始 ===
[2026-09-13 11:15:06] 🔼 PUSH: 変更なし (全4プロジェクト最新)
[2026-09-13 11:15:06] 🔼 PUSH: 変更なし (全4プロジェクト最新)
[2026-09-13 11:30:01] 🔽 === AUTO-PULL 開始 ===
[2026-09-13 11:30:01] 🔽 === AUTO-PULL 開始 ===
[2026-09-13 11:30:03]   ✓ fuuchanpapa-artist-site: 最新 (変更なし)
[2026-09-13 11:30:03]   ✓ fuuchanpapa-artist-site: 最新 (変更なし)
[2026-09-13 11:30:04]   ✓ guitar-vision: 最新 (変更なし)
[2026-09-13 11:30:04]   ✓ guitar-vision: 最新 (変更なし)
[2026-09-13 11:30:05]   ✓ project-hub: 最新 (変更なし)
[2026-09-13 11:30:05]   ✓ project-hub: 最新 (変更なし)
[2026-09-13 11:30:05]   ✓ suno-beat-studio: 最新 (変更なし)
[2026-09-13 11:30:05]   ✓ suno-beat-studio: 最新 (変更なし)
[2026-09-13 11:30:05] 🔽 PULL完了: 成功=4, 失敗=0
[2026-09-13 11:30:05] 🔽 PULL完了: 成功=4, 失敗=0

[2026-09-13 11:30:05] 🔼 === AUTO-PUSH 開始 ===
[2026-09-13 11:30:05] 🔼 === AUTO-PUSH 開始 ===
[2026-09-13 11:30:05] 🔼 PUSH: 変更なし (全4プロジェクト最新)
[2026-09-13 11:30:05] 🔼 PUSH: 変更なし (全4プロジェクト最新)
[2026-09-13 11:45:01] 🔽 === AUTO-PULL 開始 ===
[2026-09-13 11:45:01] 🔽 === AUTO-PULL 開始 ===
[2026-09-13 11:45:02]   ✓ fuuchanpapa-artist-site: 最新 (変更なし)
[2026-09-13 11:45:02]   ✓ fuuchanpapa-artist-site: 最新 (変更なし)
[2026-09-13 11:45:03]   ✓ guitar-vision: 最新 (変更なし)
[2026-09-13 11:45:03]   ✓ guitar-vision: 最新 (変更なし)
[2026-09-13 11:45:04]   ✓ project-hub: 最新 (変更なし)
[2026-09-13 11:45:04]   ✓ project-hub: 最新 (変更なし)
[2026-09-13 11:45:05]   ✓ suno-beat-studio: 最新 (変更なし)
[2026-09-13 11:45:05]   ✓ suno-beat-studio: 最新 (変更なし)
[2026-09-13 11:45:05] 🔽 PULL完了: 成功=4, 失敗=0
[2026-09-13 11:45:05] 🔽 PULL完了: 成功=4, 失敗=0

[2026-09-13 11:45:05] 🔼 === AUTO-PUSH 開始 ===
[2026-09-13 11:45:05] 🔼 === AUTO-PUSH 開始 ===
[2026-09-13 11:45:05] 🔼 PUSH: 変更なし (全4プロジェクト最新)
[2026-09-13 11:45:05] 🔼 PUSH: 変更なし (全4プロジェクト最新)
[2026-09-13 12:00:01] 🔽 === AUTO-PULL 開始 ===
[2026-09-13 12:00:01] 🔽 === AUTO-PULL 開始 ===
[2026-09-13 12:00:03]   ✓ fuuchanpapa-artist-site: 最新 (変更なし)
[2026-09-13 12:00:03]   ✓ fuuchanpapa-artist-site: 最新 (変更なし)
[2026-09-13 12:00:04]   ✓ guitar-vision: 最新 (変更なし)
[2026-09-13 12:00:04]   ✓ guitar-vision: 最新 (変更なし)
[2026-09-13 12:00:05]   ✓ project-hub: 最新 (変更なし)
[2026-09-13 12:00:05]   ✓ project-hub: 最新 (変更なし)
[2026-09-13 12:00:07]   ✓ suno-beat-studio: 最新 (変更なし)
[2026-09-13 12:00:07]   ✓ suno-beat-studio: 最新 (変更なし)
[2026-09-13 12:00:07] 🔽 PULL完了: 成功=4, 失敗=0
[2026-09-13 12:00:07] 🔽 PULL完了: 成功=4, 失敗=0

[2026-09-13 12:00:07] 🔼 === AUTO-PUSH 開始 ===
[2026-09-13 12:00:07] 🔼 === AUTO-PUSH 開始 ===
[2026-09-13 12:00:07] 🔼 PUSH: 変更なし (全4プロジェクト最新)
[2026-09-13 12:00:07] 🔼 PUSH: 変更なし (全4プロジェクト最新)
[2026-09-13 12:15:01] 🔽 === AUTO-PULL 開始 ===
[2026-09-13 12:15:01] 🔽 === AUTO-PULL 開始 ===
[2026-09-13 12:15:02]   ✓ fuuchanpapa-artist-site: 最新 (変更なし)
[2026-09-13 12:15:02]   ✓ fuuchanpapa-artist-site: 最新 (変更なし)
[2026-09-13 12:15:03]   ✓ guitar-vision: 最新 (変更なし)
[2026-09-13 12:15:03]   ✓ guitar-vision: 最新 (変更なし)
[2026-09-13 12:15:04]   ✓ project-hub: 最新 (変更なし)
[2026-09-13 12:15:04]   ✓ project-hub: 最新 (変更なし)
[2026-09-13 12:15:05]   ✓ suno-beat-studio: 最新 (変更なし)
[2026-09-13 12:15:05]   ✓ suno-beat-studio: 最新 (変更なし)
[2026-09-13 12:15:05] 🔽 PULL完了: 成功=4, 失敗=0
[2026-09-13 12:15:05] 🔽 PULL完了: 成功=4, 失敗=0

[2026-09-13 12:15:05] 🔼 === AUTO-PUSH 開始 ===
[2026-09-13 12:15:05] 🔼 === AUTO-PUSH 開始 ===
[2026-09-13 12:15:05] 🔼 PUSH: 変更なし (全4プロジェクト最新)
[2026-09-13 12:15:05] 🔼 PUSH: 変更なし (全4プロジェクト最新)
[2026-09-13 12:30:01] 🔽 === AUTO-PULL 開始 ===
[2026-09-13 12:30:01] 🔽 === AUTO-PULL 開始 ===
[2026-09-13 12:30:03]   ✓ fuuchanpapa-artist-site: 最新 (変更なし)
[2026-09-13 12:30:03]   ✓ fuuchanpapa-artist-site: 最新 (変更なし)
[2026-09-13 12:30:05]   ✓ guitar-vision: 最新 (変更なし)
[2026-09-13 12:30:05]   ✓ guitar-vision: 最新 (変更なし)
[2026-09-13 12:30:06]   ✓ project-hub: 最新 (変更なし)
[2026-09-13 12:30:06]   ✓ project-hub: 最新 (変更なし)
[2026-09-13 12:30:08]   ✓ suno-beat-studio: 最新 (変更なし)
[2026-09-13 12:30:08]   ✓ suno-beat-studio: 最新 (変更なし)
[2026-09-13 12:30:08] 🔽 PULL完了: 成功=4, 失敗=0
[2026-09-13 12:30:08] 🔽 PULL完了: 成功=4, 失敗=0

[2026-09-13 12:30:08] 🔼 === AUTO-PUSH 開始 ===
[2026-09-13 12:30:08] 🔼 === AUTO-PUSH 開始 ===
[2026-09-13 12:30:08] 🔼 PUSH: 変更なし (全4プロジェクト最新)
[2026-09-13 12:30:08] 🔼 PUSH: 変更なし (全4プロジェクト最新)
[2026-09-13 12:45:01] 🔽 === AUTO-PULL 開始 ===
[2026-09-13 12:45:01] 🔽 === AUTO-PULL 開始 ===
[2026-09-13 12:45:02]   ✓ fuuchanpapa-artist-site: 最新 (変更なし)
[2026-09-13 12:45:02]   ✓ fuuchanpapa-artist-site: 最新 (変更なし)
[2026-09-13 12:45:03]   ✓ guitar-vision: 最新 (変更なし)
[2026-09-13 12:45:03]   ✓ guitar-vision: 最新 (変更なし)
[2026-09-13 12:45:04]   ✓ project-hub: 最新 (変更なし)
[2026-09-13 12:45:04]   ✓ project-hub: 最新 (変更なし)
[2026-09-13 12:45:05]   ✓ suno-beat-studio: 最新 (変更なし)
[2026-09-13 12:45:05]   ✓ suno-beat-studio: 最新 (変更なし)
[2026-09-13 12:45:05] 🔽 PULL完了: 成功=4, 失敗=0
[2026-09-13 12:45:05] 🔽 PULL完了: 成功=4, 失敗=0

[2026-09-13 12:45:05] 🔼 === AUTO-PUSH 開始 ===
[2026-09-13 12:45:05] 🔼 === AUTO-PUSH 開始 ===
[2026-09-13 12:45:05] 🔼 PUSH: 変更なし (全4プロジェクト最新)
[2026-09-13 12:45:05] 🔼 PUSH: 変更なし (全4プロジェクト最新)
[2026-09-13 13:00:01] 🔽 === AUTO-PULL 開始 ===
[2026-09-13 13:00:01] 🔽 === AUTO-PULL 開始 ===
[2026-09-13 13:00:02]   ✓ fuuchanpapa-artist-site: 最新 (変更なし)
[2026-09-13 13:00:02]   ✓ fuuchanpapa-artist-site: 最新 (変更なし)
[2026-09-13 13:00:03]   ✓ guitar-vision: 最新 (変更なし)
[2026-09-13 13:00:03]   ✓ guitar-vision: 最新 (変更なし)
[2026-09-13 13:00:04]   ✓ project-hub: 最新 (変更なし)
[2026-09-13 13:00:04]   ✓ project-hub: 最新 (変更なし)
[2026-09-13 13:00:05]   ✓ suno-beat-studio: 最新 (変更なし)
[2026-09-13 13:00:05]   ✓ suno-beat-studio: 最新 (変更なし)
[2026-09-13 13:00:05] 🔽 PULL完了: 成功=4, 失敗=0
[2026-09-13 13:00:05] 🔽 PULL完了: 成功=4, 失敗=0

[2026-09-13 13:00:05] 🔼 === AUTO-PUSH 開始 ===
[2026-09-13 13:00:05] 🔼 === AUTO-PUSH 開始 ===
[2026-09-13 13:00:05] 🔼 PUSH: 変更なし (全4プロジェクト最新)
[2026-09-13 13:00:05] 🔼 PUSH: 変更なし (全4プロジェクト最新)
[2026-09-13 13:15:01] 🔽 === AUTO-PULL 開始 ===
[2026-09-13 13:15:01] 🔽 === AUTO-PULL 開始 ===
[2026-09-13 13:15:02]   ✓ fuuchanpapa-artist-site: 最新 (変更なし)
[2026-09-13 13:15:02]   ✓ fuuchanpapa-artist-site: 最新 (変更なし)
[2026-09-13 13:15:03]   ✓ guitar-vision: 最新 (変更なし)
[2026-09-13 13:15:03]   ✓ guitar-vision: 最新 (変更なし)
[2026-09-13 13:15:04]   ✓ project-hub: 最新 (変更なし)
[2026-09-13 13:15:04]   ✓ project-hub: 最新 (変更なし)
[2026-09-13 13:15:05]   ✓ suno-beat-studio: 最新 (変更なし)
[2026-09-13 13:15:05]   ✓ suno-beat-studio: 最新 (変更なし)
[2026-09-13 13:15:05] 🔽 PULL完了: 成功=4, 失敗=0
[2026-09-13 13:15:05] 🔽 PULL完了: 成功=4, 失敗=0

[2026-09-13 13:15:05] 🔼 === AUTO-PUSH 開始 ===
[2026-09-13 13:15:05] 🔼 === AUTO-PUSH 開始 ===
[2026-09-13 13:15:05] 🔼 PUSH: 変更なし (全4プロジェクト最新)
[2026-09-13 13:15:05] 🔼 PUSH: 変更なし (全4プロジェクト最新)
[2026-09-13 13:30:01] 🔽 === AUTO-PULL 開始 ===
[2026-09-13 13:30:01] 🔽 === AUTO-PULL 開始 ===
[2026-09-13 13:30:02]   ✓ fuuchanpapa-artist-site: 最新 (変更なし)
[2026-09-13 13:30:02]   ✓ fuuchanpapa-artist-site: 最新 (変更なし)
[2026-09-13 13:30:03]   ✓ guitar-vision: 最新 (変更なし)
[2026-09-13 13:30:03]   ✓ guitar-vision: 最新 (変更なし)
[2026-09-13 13:30:04]   ✓ project-hub: 最新 (変更なし)
[2026-09-13 13:30:04]   ✓ project-hub: 最新 (変更なし)
[2026-09-13 13:30:05]   ✓ suno-beat-studio: 最新 (変更なし)
[2026-09-13 13:30:05]   ✓ suno-beat-studio: 最新 (変更なし)
[2026-09-13 13:30:05] 🔽 PULL完了: 成功=4, 失敗=0
[2026-09-13 13:30:05] 🔽 PULL完了: 成功=4, 失敗=0

[2026-09-13 13:30:05] 🔼 === AUTO-PUSH 開始 ===
[2026-09-13 13:30:05] 🔼 === AUTO-PUSH 開始 ===
[2026-09-13 13:30:05] 🔼 PUSH: 変更なし (全4プロジェクト最新)
[2026-09-13 13:30:05] 🔼 PUSH: 変更なし (全4プロジェクト最新)
[2026-09-13 13:45:01] 🔽 === AUTO-PULL 開始 ===
[2026-09-13 13:45:01] 🔽 === AUTO-PULL 開始 ===
[2026-09-13 13:45:02]   ✓ fuuchanpapa-artist-site: 最新 (変更なし)
[2026-09-13 13:45:02]   ✓ fuuchanpapa-artist-site: 最新 (変更なし)
[2026-09-13 13:45:03]   ✓ guitar-vision: 最新 (変更なし)
[2026-09-13 13:45:03]   ✓ guitar-vision: 最新 (変更なし)
[2026-09-13 13:45:04]   ✓ project-hub: 最新 (変更なし)
[2026-09-13 13:45:04]   ✓ project-hub: 最新 (変更なし)
[2026-09-13 13:45:05]   ✓ suno-beat-studio: 最新 (変更なし)
[2026-09-13 13:45:05]   ✓ suno-beat-studio: 最新 (変更なし)
[2026-09-13 13:45:05] 🔽 PULL完了: 成功=4, 失敗=0
[2026-09-13 13:45:05] 🔽 PULL完了: 成功=4, 失敗=0

[2026-09-13 13:45:05] 🔼 === AUTO-PUSH 開始 ===
[2026-09-13 13:45:05] 🔼 === AUTO-PUSH 開始 ===
[2026-09-13 13:45:05] 🔼 PUSH: 変更なし (全4プロジェクト最新)
[2026-09-13 13:45:05] 🔼 PUSH: 変更なし (全4プロジェクト最新)
[2026-09-14 04:25:58] 🔽 === AUTO-PULL 開始 ===
[2026-09-14 04:25:59]   ✓ fuuchanpapa-artist-site: 最新 (変更なし)
[2026-09-14 04:25:59]   ✓ guitar-vision: 最新 (変更なし)
[2026-09-14 04:26:00]   ✓ project-hub: 最新 (変更なし)
[2026-09-14 04:26:01]   ✓ suno-beat-studio: 最新 (変更なし)
[2026-09-14 04:26:01] 🔽 PULL完了: 成功=4, 失敗=0
[2026-09-14 04:26:17] 🔽 === AUTO-PULL 開始 ===
[2026-09-14 04:26:18]   ✓ fuuchanpapa-artist-site: 最新 (変更なし)
[2026-09-14 04:26:19] 🔽 === AUTO-PULL 開始 ===
[2026-09-14 04:26:19]   ✓ guitar-vision: 最新 (変更なし)
[2026-09-14 04:26:19]   ✓ fuuchanpapa-artist-site: 最新 (変更なし)
[2026-09-14 04:26:21]   ✓ project-hub: 最新 (変更なし)
[2026-09-14 04:26:21]   ✓ guitar-vision: 最新 (変更なし)
[2026-09-14 04:26:23]   ✓ project-hub: 最新 (変更なし)
[2026-09-14 04:26:23]   ✓ suno-beat-studio: 最新 (変更なし)
[2026-09-14 04:26:23] 🔽 PULL完了: 成功=4, 失敗=0
[2026-09-14 04:26:24]   ✓ suno-beat-studio: 最新 (変更なし)
[2026-09-14 04:26:24] 🔽 PULL完了: 成功=4, 失敗=0
[2026-09-14 04:26:52] 🔽 === AUTO-PULL 開始 ===
[2026-09-14 04:26:53]   ✓ fuuchanpapa-artist-site: 最新 (変更なし)
[2026-09-14 04:26:54]   ✓ guitar-vision: 最新 (変更なし)
[2026-09-14 04:26:55]   ✓ project-hub: 最新 (変更なし)
[2026-09-14 04:26:56]   ✓ suno-beat-studio: 最新 (変更なし)
[2026-09-14 04:26:56] 🔽 PULL完了: 成功=4, 失敗=0
[2026-09-14 04:28:41] 🔽 === AUTO-PULL 開始 ===
[2026-09-14 04:28:43]   ✓ fuuchanpapa-artist-site: 最新 (変更なし)
[2026-09-14 04:28:44]   ✓ guitar-vision: 最新 (変更なし)
[2026-09-14 04:28:45]   ✓ project-hub: 最新 (変更なし)
[2026-09-14 04:28:46]   ✓ suno-beat-studio: 最新 (変更なし)
[2026-09-14 04:28:46] 🔽 PULL完了: 成功=4, 失敗=0
[2026-09-14 04:30:01] 🔽 === AUTO-PULL 開始 ===
[2026-09-14 04:30:01] 🔽 === AUTO-PULL 開始 ===
[2026-09-14 04:30:02]   ✓ fuuchanpapa-artist-site: 最新 (変更なし)
[2026-09-14 04:30:02]   ✓ fuuchanpapa-artist-site: 最新 (変更なし)
[2026-09-14 04:30:03]   ✓ guitar-vision: 最新 (変更なし)
[2026-09-14 04:30:03]   ✓ guitar-vision: 最新 (変更なし)
[2026-09-14 04:30:04]   ✓ project-hub: 最新 (変更なし)
[2026-09-14 04:30:04]   ✓ project-hub: 最新 (変更なし)
[2026-09-14 04:30:05]   ✓ suno-beat-studio: 最新 (変更なし)
[2026-09-14 04:30:05]   ✓ suno-beat-studio: 最新 (変更なし)
[2026-09-14 04:30:05] 🔽 PULL完了: 成功=4, 失敗=0
[2026-09-14 04:30:05] 🔽 PULL完了: 成功=4, 失敗=0

[2026-09-14 04:30:05] 🔼 === AUTO-PUSH 開始 ===
[2026-09-14 04:30:05] 🔼 === AUTO-PUSH 開始 ===
[2026-09-14 04:30:05] 🔼 PUSH: 変更なし (全4プロジェクト最新)
[2026-09-14 04:30:05] 🔼 PUSH: 変更なし (全4プロジェクト最新)
[2026-09-14 16:25:08] ?? === AUTO-PULL �J�n ===
[2026-09-14 16:25:08]   ? docs: �ŐV (�ύX�Ȃ�)
[2026-09-14 16:25:10]   ? fuuchanpapa-artist-site: �ŐV (�ύX�Ȃ�)
[2026-09-14 16:25:13]   ? guitar-vision: �X�V���擾���܂���
[2026-09-14 16:25:13]   ??  guitar-vision: stash pop �ŋ����B�蓮�������K�v�ł�
[2026-09-14 16:25:14]   ? project-hub: �ŐV (�ύX�Ȃ�)
[2026-09-14 16:25:16]   ? suno-beat-studio: �ŐV (�ύX�Ȃ�)
[2026-09-14 16:25:16]   ? _tools: �ŐV (�ύX�Ȃ�)
[2026-09-14 16:25:16] ?? PULL����: ����=6, ���s=0
[2026-09-14 16:25:16] ?? === AUTO-PUSH �J�n ===
[2026-09-14 16:25:19]   ? guitar-vision: push���� (�ύX1��)
[2026-09-14 16:25:20]   ? _tools: push���� (�ύX3��)
[2026-09-14 16:25:20] ?? PUSH����: push=2, �X�L�b�v=4
[2026-09-14 16:40:07] ?? === AUTO-PULL �J�n ===
[2026-09-14 16:40:08]   ? docs: �ŐV (�ύX�Ȃ�)
[2026-09-14 16:40:09]   ? fuuchanpapa-artist-site: �ŐV (�ύX�Ȃ�)
[2026-09-14 16:40:10]   ? guitar-vision: �ŐV (�ύX�Ȃ�)
[2026-09-14 16:40:12]   ? project-hub: �ŐV (�ύX�Ȃ�)
[2026-09-14 16:40:13]   ? suno-beat-studio: �ŐV (�ύX�Ȃ�)
[2026-09-14 16:40:13]   ? _tools: �ŐV (�ύX�Ȃ�)
[2026-09-14 16:40:13] ?? PULL����: ����=6, ���s=0
[2026-09-14 16:40:13] ?? === AUTO-PUSH �J�n ===
[2026-09-14 16:40:15]   ? _tools: push���� (�ύX3��)
[2026-09-14 16:40:15] ?? PUSH����: push=1, �X�L�b�v=5
[2026-09-16 07:10:08] ?? === AUTO-PULL �J�n ===
[2026-09-16 07:10:09]   ? docs: �ŐV (�ύX�Ȃ�)
[2026-09-16 07:10:10]   ? fuuchanpapa-artist-site: �ŐV (�ύX�Ȃ�)
[2026-09-16 07:10:11]   ? guitar-vision: �ŐV (�ύX�Ȃ�)
[2026-09-16 07:10:11]   ? karaoke-maker: pull���s (�����̉\������)
[2026-09-16 07:10:11]   ??  karaoke-maker: stash pop �ŋ����B�蓮�������K�v�ł�
[2026-09-16 07:10:12]   ? project-hub: �ŐV (�ύX�Ȃ�)
[2026-09-16 07:10:14]   ? suno-beat-studio: �ŐV (�ύX�Ȃ�)
[2026-09-16 07:10:14]   ? _tools: �ŐV (�ύX�Ȃ�)
[2026-09-16 07:10:14] ?? PULL����: ����=6, ���s=1
[2026-09-16 07:10:14] ?? === AUTO-PUSH �J�n ===
[2026-09-16 07:10:14]   ? karaoke-maker: push���s�Bgit pull ���Ɏ����Ă�������
[2026-09-16 07:10:17]   ? _tools: push���� (�ύX1��)
[2026-09-16 07:10:17] ?? PUSH����: push=1, �X�L�b�v=5
[2026-09-16 07:18:12] ?? === AUTO-PULL �J�n ===
[2026-09-16 07:18:13]   ? docs: �ŐV (�ύX�Ȃ�)
[2026-09-16 07:18:14]   ? fuuchanpapa-artist-site: �ŐV (�ύX�Ȃ�)
[2026-09-16 07:18:15]   ? guitar-vision: �ŐV (�ύX�Ȃ�)
[2026-09-16 07:18:15]   ? karaoke-maker: pull���s (�����̉\������)
[2026-09-16 07:18:17]   ? project-hub: �ŐV (�ύX�Ȃ�)
[2026-09-16 07:18:18]   ? suno-beat-studio: �ŐV (�ύX�Ȃ�)
[2026-09-16 07:18:18]   ? _tools: �ŐV (�ύX�Ȃ�)
[2026-09-16 07:18:18] ?? PULL����: ����=6, ���s=1
[2026-09-16 07:18:18] ?? === AUTO-PUSH �J�n ===
[2026-09-16 07:18:21]   ? _tools: push���� (�ύX1��)
[2026-09-16 07:18:21] ?? PUSH����: push=1, �X�L�b�v=6
[2026-09-16 07:25:08] ?? === AUTO-PULL �J�n ===
[2026-09-16 07:25:09]   ? docs: �ŐV (�ύX�Ȃ�)
[2026-09-16 07:25:10]   ? fuuchanpapa-artist-site: �ŐV (�ύX�Ȃ�)
[2026-09-16 07:25:11]   ? guitar-vision: �ŐV (�ύX�Ȃ�)
[2026-09-16 07:25:11]   ? karaoke-maker: pull���s (�����̉\������)
[2026-09-16 07:25:12]   ? project-hub: �ŐV (�ύX�Ȃ�)
[2026-09-16 07:25:13]   ? suno-beat-studio: �ŐV (�ύX�Ȃ�)
[2026-09-16 07:25:14]   ? _tools: �ŐV (�ύX�Ȃ�)
[2026-09-16 07:25:14] ?? PULL����: ����=6, ���s=1
[2026-09-16 07:25:14] ?? === AUTO-PUSH �J�n ===
[2026-09-16 07:25:16]   ? _tools: push���� (�ύX1��)
[2026-09-16 07:25:16] ?? PUSH����: push=1, �X�L�b�v=6
[2026-09-16 07:40:08] ?? === AUTO-PULL �J�n ===
[2026-09-16 07:40:09]   ? docs: �ŐV (�ύX�Ȃ�)
[2026-09-16 07:40:10]   ? fuuchanpapa-artist-site: �ŐV (�ύX�Ȃ�)
[2026-09-16 07:40:11]   ? guitar-vision: �ŐV (�ύX�Ȃ�)
[2026-09-16 07:40:11]   ? karaoke-maker: pull���s (�����̉\������)
[2026-09-16 07:40:12]   ? project-hub: �ŐV (�ύX�Ȃ�)
[2026-09-16 07:40:14]   ? suno-beat-studio: �ŐV (�ύX�Ȃ�)
[2026-09-16 07:40:14]   ? _tools: �ŐV (�ύX�Ȃ�)
[2026-09-16 07:40:14] ?? PULL����: ����=6, ���s=1
[2026-09-16 07:40:14] ?? === AUTO-PUSH �J�n ===
[2026-09-16 07:40:17]   ? _tools: push���� (�ύX1��)
[2026-09-16 07:40:17] ?? PUSH����: push=1, �X�L�b�v=6
[2026-09-16 07:55:07] ?? === AUTO-PULL �J�n ===
[2026-09-16 07:55:08]   ? docs: �ŐV (�ύX�Ȃ�)
[2026-09-16 07:55:09]   ? fuuchanpapa-artist-site: �ŐV (�ύX�Ȃ�)
[2026-09-16 07:55:11]   ? guitar-vision: �ŐV (�ύX�Ȃ�)
[2026-09-16 07:55:11]   ? karaoke-maker: pull���s (�����̉\������)
[2026-09-16 07:55:12]   ? project-hub: �ŐV (�ύX�Ȃ�)
[2026-09-16 07:55:13]   ? suno-beat-studio: �ŐV (�ύX�Ȃ�)
[2026-09-16 07:55:14]   ? _tools: �ŐV (�ύX�Ȃ�)
[2026-09-16 07:55:14] ?? PULL����: ����=6, ���s=1
[2026-09-16 07:55:14] ?? === AUTO-PUSH �J�n ===
[2026-09-16 07:55:16]   ? _tools: push���� (�ύX1��)
[2026-09-16 07:55:16] ?? PUSH����: push=1, �X�L�b�v=6
[2026-09-16 08:10:07] ?? === AUTO-PULL �J�n ===
[2026-09-16 08:10:08]   ? docs: �ŐV (�ύX�Ȃ�)
[2026-09-16 08:10:09]   ? fuuchanpapa-artist-site: �ŐV (�ύX�Ȃ�)
[2026-09-16 08:10:10]   ? guitar-vision: �ŐV (�ύX�Ȃ�)
[2026-09-16 08:10:10]   ? karaoke-maker: pull���s (�����̉\������)
[2026-09-16 08:10:11]   ? project-hub: �ŐV (�ύX�Ȃ�)
[2026-09-16 08:10:13]   ? suno-beat-studio: �ŐV (�ύX�Ȃ�)
[2026-09-16 08:10:13]   ? _tools: �ŐV (�ύX�Ȃ�)
[2026-09-16 08:10:13] ?? PULL����: ����=6, ���s=1
[2026-09-16 08:10:13] ?? === AUTO-PUSH �J�n ===
[2026-09-16 08:10:16]   ? _tools: push���� (�ύX1��)
[2026-09-16 08:10:16] ?? PUSH����: push=1, �X�L�b�v=6
[2026-09-16 08:25:07] ?? === AUTO-PULL �J�n ===
[2026-09-16 08:25:08]   ? docs: �ŐV (�ύX�Ȃ�)
[2026-09-16 08:25:09]   ? fuuchanpapa-artist-site: �ŐV (�ύX�Ȃ�)
[2026-09-16 08:25:10]   ? guitar-vision: �ŐV (�ύX�Ȃ�)
[2026-09-16 08:25:10]   ? karaoke-maker: pull���s (�����̉\������)
[2026-09-16 08:25:11]   ? project-hub: �ŐV (�ύX�Ȃ�)
[2026-09-16 08:25:13]   ? suno-beat-studio: �ŐV (�ύX�Ȃ�)
[2026-09-16 08:25:13]   ? _tools: �ŐV (�ύX�Ȃ�)
[2026-09-16 08:25:13] ?? PULL����: ����=6, ���s=1
[2026-09-16 08:25:13] ?? === AUTO-PUSH �J�n ===
[2026-09-16 08:25:16]   ? _tools: push���� (�ύX1��)
[2026-09-16 08:25:16] ?? PUSH����: push=1, �X�L�b�v=6
[2026-09-16 08:40:07] ?? === AUTO-PULL �J�n ===
[2026-09-16 08:40:08]   ? docs: �ŐV (�ύX�Ȃ�)
[2026-09-16 08:40:09]   ? fuuchanpapa-artist-site: �ŐV (�ύX�Ȃ�)
[2026-09-16 08:40:10]   ? guitar-vision: �ŐV (�ύX�Ȃ�)
[2026-09-16 08:40:10]   ? karaoke-maker: pull���s (�����̉\������)
[2026-09-16 08:40:11]   ? project-hub: �ŐV (�ύX�Ȃ�)
[2026-09-16 08:40:13]   ? suno-beat-studio: �ŐV (�ύX�Ȃ�)
[2026-09-16 08:40:13]   ? _tools: �ŐV (�ύX�Ȃ�)
[2026-09-16 08:40:13] ?? PULL����: ����=6, ���s=1
[2026-09-16 08:40:13] ?? === AUTO-PUSH �J�n ===
[2026-09-16 08:40:16]   ? _tools: push���� (�ύX1��)
[2026-09-16 08:40:16] ?? PUSH����: push=1, �X�L�b�v=6
[2026-09-16 08:55:07] ?? === AUTO-PULL �J�n ===
[2026-09-16 08:55:08]   ? docs: �ŐV (�ύX�Ȃ�)
[2026-09-16 08:55:09]   ? fuuchanpapa-artist-site: �ŐV (�ύX�Ȃ�)
[2026-09-16 08:55:10]   ? guitar-vision: �ŐV (�ύX�Ȃ�)
[2026-09-16 08:55:10]   ? karaoke-maker: pull���s (�����̉\������)
[2026-09-16 08:55:11]   ? project-hub: �ŐV (�ύX�Ȃ�)
[2026-09-16 08:55:13]   ? suno-beat-studio: �ŐV (�ύX�Ȃ�)
[2026-09-16 08:55:13]   ? _tools: �ŐV (�ύX�Ȃ�)
[2026-09-16 08:55:13] ?? PULL����: ����=6, ���s=1
[2026-09-16 08:55:13] ?? === AUTO-PUSH �J�n ===
[2026-09-16 08:55:16]   ? _tools: push���� (�ύX1��)
[2026-09-16 08:55:16] ?? PUSH����: push=1, �X�L�b�v=6
[2026-09-16 09:10:07] ?? === AUTO-PULL �J�n ===
[2026-09-16 09:10:08]   ? docs: �ŐV (�ύX�Ȃ�)
[2026-09-16 09:10:09]   ? fuuchanpapa-artist-site: �ŐV (�ύX�Ȃ�)
[2026-09-16 09:10:10]   ? guitar-vision: �ŐV (�ύX�Ȃ�)
[2026-09-16 09:10:10]   ? karaoke-maker: pull���s (�����̉\������)
[2026-09-16 09:10:11]   ? project-hub: �ŐV (�ύX�Ȃ�)
[2026-09-16 09:10:13]   ? suno-beat-studio: �ŐV (�ύX�Ȃ�)
[2026-09-16 09:10:13]   ? _tools: �ŐV (�ύX�Ȃ�)
[2026-09-16 09:10:13] ?? PULL����: ����=6, ���s=1
[2026-09-16 09:10:13] ?? === AUTO-PUSH �J�n ===
[2026-09-16 09:10:16]   ? _tools: push���� (�ύX1��)
[2026-09-16 09:10:16] ?? PUSH����: push=1, �X�L�b�v=6
[2026-09-16 09:25:07] ?? === AUTO-PULL �J�n ===
[2026-09-16 09:25:08]   ? docs: �ŐV (�ύX�Ȃ�)
[2026-09-16 09:25:09]   ? fuuchanpapa-artist-site: �ŐV (�ύX�Ȃ�)
[2026-09-16 09:25:10]   ? guitar-vision: �ŐV (�ύX�Ȃ�)
[2026-09-16 09:25:10]   ? karaoke-maker: pull���s (�����̉\������)
[2026-09-16 09:25:12]   ? project-hub: �ŐV (�ύX�Ȃ�)
[2026-09-16 09:25:13]   ? suno-beat-studio: �ŐV (�ύX�Ȃ�)
[2026-09-16 09:25:13]   ? _tools: �ŐV (�ύX�Ȃ�)
[2026-09-16 09:25:13] ?? PULL����: ����=6, ���s=1
[2026-09-16 09:25:13] ?? === AUTO-PUSH �J�n ===
[2026-09-16 09:25:16]   ? _tools: push���� (�ύX1��)
[2026-09-16 09:25:16] ?? PUSH����: push=1, �X�L�b�v=6
[2026-09-16 09:40:07] ?? === AUTO-PULL �J�n ===
[2026-09-16 09:40:08]   ? docs: �ŐV (�ύX�Ȃ�)
[2026-09-16 09:40:09]   ? fuuchanpapa-artist-site: �ŐV (�ύX�Ȃ�)
[2026-09-16 09:40:10]   ? guitar-vision: �ŐV (�ύX�Ȃ�)
[2026-09-16 09:40:10]   ? karaoke-maker: pull���s (�����̉\������)
[2026-09-16 09:40:12]   ? project-hub: �ŐV (�ύX�Ȃ�)
[2026-09-16 09:40:13]   ? suno-beat-studio: �ŐV (�ύX�Ȃ�)
[2026-09-16 09:40:13]   ? _tools: �ŐV (�ύX�Ȃ�)
[2026-09-16 09:40:13] ?? PULL����: ����=6, ���s=1
[2026-09-16 09:40:13] ?? === AUTO-PUSH �J�n ===
[2026-09-16 09:40:16]   ? _tools: push���� (�ύX1��)
[2026-09-16 09:40:16] ?? PUSH����: push=1, �X�L�b�v=6
[2026-09-16 09:55:07] ?? === AUTO-PULL �J�n ===
[2026-09-16 09:55:08]   ? docs: �ŐV (�ύX�Ȃ�)
[2026-09-16 09:55:09]   ? fuuchanpapa-artist-site: �ŐV (�ύX�Ȃ�)
[2026-09-16 09:55:10]   ? guitar-vision: �ŐV (�ύX�Ȃ�)
[2026-09-16 09:55:10]   ? karaoke-maker: pull���s (�����̉\������)
[2026-09-16 09:55:11]   ? project-hub: �ŐV (�ύX�Ȃ�)
[2026-09-16 09:55:13]   ? suno-beat-studio: �ŐV (�ύX�Ȃ�)
[2026-09-16 09:55:13]   ? _tools: �ŐV (�ύX�Ȃ�)
[2026-09-16 09:55:13] ?? PULL����: ����=6, ���s=1
[2026-09-16 09:55:13] ?? === AUTO-PUSH �J�n ===
[2026-09-16 09:55:16]   ? _tools: push���� (�ύX1��)
[2026-09-16 09:55:16] ?? PUSH����: push=1, �X�L�b�v=6
[2026-09-16 10:10:07] ?? === AUTO-PULL �J�n ===
[2026-09-16 10:10:08]   ? docs: �ŐV (�ύX�Ȃ�)
[2026-09-16 10:10:09]   ? fuuchanpapa-artist-site: �ŐV (�ύX�Ȃ�)
[2026-09-16 10:10:10]   ? guitar-vision: �ŐV (�ύX�Ȃ�)
[2026-09-16 10:10:10]   ? karaoke-maker: pull���s (�����̉\������)
[2026-09-16 10:10:12]   ? project-hub: �ŐV (�ύX�Ȃ�)
[2026-09-16 10:10:13]   ? suno-beat-studio: �ŐV (�ύX�Ȃ�)
[2026-09-16 10:10:13]   ? _tools: �ŐV (�ύX�Ȃ�)
[2026-09-16 10:10:13] ?? PULL����: ����=6, ���s=1
[2026-09-16 10:10:13] ?? === AUTO-PUSH �J�n ===
[2026-09-16 10:10:16]   ? _tools: push���� (�ύX1��)
[2026-09-16 10:10:16] ?? PUSH����: push=1, �X�L�b�v=6
[2026-09-16 10:25:07] ?? === AUTO-PULL �J�n ===
[2026-09-16 10:25:08]   ? docs: �ŐV (�ύX�Ȃ�)
[2026-09-16 10:25:09]   ? fuuchanpapa-artist-site: �ŐV (�ύX�Ȃ�)
[2026-09-16 10:25:10]   ? guitar-vision: �ŐV (�ύX�Ȃ�)
[2026-09-16 10:25:10]   ? karaoke-maker: pull���s (�����̉\������)
[2026-09-16 10:25:11]   ? project-hub: �ŐV (�ύX�Ȃ�)
[2026-09-16 10:25:13]   ? suno-beat-studio: �ŐV (�ύX�Ȃ�)
[2026-09-16 10:25:13]   ? _tools: �ŐV (�ύX�Ȃ�)
[2026-09-16 10:25:13] ?? PULL����: ����=6, ���s=1
[2026-09-16 10:25:13] ?? === AUTO-PUSH �J�n ===
[2026-09-16 10:25:16]   ? _tools: push���� (�ύX1��)
[2026-09-16 10:25:16] ?? PUSH����: push=1, �X�L�b�v=6
[2026-09-16 10:40:07] ?? === AUTO-PULL �J�n ===
[2026-09-16 10:40:08]   ? docs: �ŐV (�ύX�Ȃ�)
[2026-09-16 10:40:09]   ? fuuchanpapa-artist-site: �ŐV (�ύX�Ȃ�)
[2026-09-16 10:40:10]   ? guitar-vision: �ŐV (�ύX�Ȃ�)
[2026-09-16 10:40:10]   ? karaoke-maker: pull���s (�����̉\������)
[2026-09-16 10:40:12]   ? project-hub: �ŐV (�ύX�Ȃ�)
[2026-09-16 10:40:13]   ? suno-beat-studio: �ŐV (�ύX�Ȃ�)
[2026-09-16 10:40:13]   ? _tools: �ŐV (�ύX�Ȃ�)
[2026-09-16 10:40:13] ?? PULL����: ����=6, ���s=1
[2026-09-16 10:40:13] ?? === AUTO-PUSH �J�n ===
[2026-09-16 10:40:16]   ? _tools: push���� (�ύX1��)
[2026-09-16 10:40:16] ?? PUSH����: push=1, �X�L�b�v=6
[2026-09-16 10:55:07] ?? === AUTO-PULL �J�n ===
[2026-09-16 10:55:08]   ? docs: �ŐV (�ύX�Ȃ�)
[2026-09-16 10:55:09]   ? fuuchanpapa-artist-site: �ŐV (�ύX�Ȃ�)
[2026-09-16 10:55:10]   ? guitar-vision: �ŐV (�ύX�Ȃ�)
[2026-09-16 10:55:10]   ? karaoke-maker: pull���s (�����̉\������)
[2026-09-16 10:55:11]   ? project-hub: �ŐV (�ύX�Ȃ�)
[2026-09-16 10:55:13]   ? suno-beat-studio: �ŐV (�ύX�Ȃ�)
[2026-09-16 10:55:13]   ? _tools: �ŐV (�ύX�Ȃ�)
[2026-09-16 10:55:13] ?? PULL����: ����=6, ���s=1
[2026-09-16 10:55:13] ?? === AUTO-PUSH �J�n ===
[2026-09-16 10:55:15]   ? _tools: push���� (�ύX1��)
[2026-09-16 10:55:15] ?? PUSH����: push=1, �X�L�b�v=6
[2026-09-16 11:10:07] ?? === AUTO-PULL �J�n ===
[2026-09-16 11:10:08]   ? docs: �ŐV (�ύX�Ȃ�)
[2026-09-16 11:10:09]   ? fuuchanpapa-artist-site: �ŐV (�ύX�Ȃ�)
[2026-09-16 11:10:10]   ? guitar-vision: �ŐV (�ύX�Ȃ�)
[2026-09-16 11:10:10]   ? karaoke-maker: pull���s (�����̉\������)
[2026-09-16 11:10:12]   ? project-hub: �ŐV (�ύX�Ȃ�)
[2026-09-16 11:10:13]   ? suno-beat-studio: �ŐV (�ύX�Ȃ�)
[2026-09-16 11:10:13]   ? _tools: �ŐV (�ύX�Ȃ�)
[2026-09-16 11:10:13] ?? PULL����: ����=6, ���s=1
[2026-09-16 11:10:13] ?? === AUTO-PUSH �J�n ===
[2026-09-16 11:10:16]   ? _tools: push���� (�ύX1��)
[2026-09-16 11:10:16] ?? PUSH����: push=1, �X�L�b�v=6
[2026-09-16 11:25:07] ?? === AUTO-PULL �J�n ===
[2026-09-16 11:25:08]   ? docs: �ŐV (�ύX�Ȃ�)
[2026-09-16 11:25:09]   ? fuuchanpapa-artist-site: �ŐV (�ύX�Ȃ�)
[2026-09-16 11:25:10]   ? guitar-vision: �ŐV (�ύX�Ȃ�)
[2026-09-16 11:25:10]   ? karaoke-maker: pull���s (�����̉\������)
[2026-09-16 11:25:11]   ? project-hub: �ŐV (�ύX�Ȃ�)
[2026-09-16 11:25:13]   ? suno-beat-studio: �ŐV (�ύX�Ȃ�)
[2026-09-16 11:25:13]   ? _tools: �ŐV (�ύX�Ȃ�)
[2026-09-16 11:25:14] ?? PULL����: ����=6, ���s=1
[2026-09-16 11:25:14] ?? === AUTO-PUSH �J�n ===
[2026-09-16 11:25:16]   ? _tools: push���� (�ύX1��)
[2026-09-16 11:25:16] ?? PUSH����: push=1, �X�L�b�v=6
[2026-09-16 11:40:07] ?? === AUTO-PULL �J�n ===
[2026-09-16 11:40:08]   ? docs: �ŐV (�ύX�Ȃ�)
[2026-09-16 11:40:09]   ? fuuchanpapa-artist-site: �ŐV (�ύX�Ȃ�)
[2026-09-16 11:40:10]   ? guitar-vision: �ŐV (�ύX�Ȃ�)
[2026-09-16 11:40:10]   ? karaoke-maker: pull���s (�����̉\������)
[2026-09-16 11:40:11]   ? project-hub: �ŐV (�ύX�Ȃ�)
[2026-09-16 11:40:13]   ? suno-beat-studio: �ŐV (�ύX�Ȃ�)
[2026-09-16 11:40:13]   ? _tools: �ŐV (�ύX�Ȃ�)
[2026-09-16 11:40:13] ?? PULL����: ����=6, ���s=1
[2026-09-16 11:40:13] ?? === AUTO-PUSH �J�n ===
[2026-09-16 11:40:16]   ? _tools: push���� (�ύX1��)
[2026-09-16 11:40:16] ?? PUSH����: push=1, �X�L�b�v=6
[2026-09-16 11:55:07] ?? === AUTO-PULL �J�n ===
[2026-09-16 11:55:08]   ? docs: �ŐV (�ύX�Ȃ�)
[2026-09-16 11:55:09]   ? fuuchanpapa-artist-site: �ŐV (�ύX�Ȃ�)
[2026-09-16 11:55:10]   ? guitar-vision: �ŐV (�ύX�Ȃ�)
[2026-09-16 11:55:10]   ? karaoke-maker: pull���s (�����̉\������)
[2026-09-16 11:55:12]   ? project-hub: �ŐV (�ύX�Ȃ�)
[2026-09-16 11:55:13]   ? suno-beat-studio: �ŐV (�ύX�Ȃ�)
[2026-09-16 11:55:13]   ? _tools: �ŐV (�ύX�Ȃ�)
[2026-09-16 11:55:13] ?? PULL����: ����=6, ���s=1
[2026-09-16 11:55:13] ?? === AUTO-PUSH �J�n ===
[2026-09-16 11:55:16]   ? _tools: push���� (�ύX1��)
[2026-09-16 11:55:16] ?? PUSH����: push=1, �X�L�b�v=6
[2026-09-16 12:10:07] ?? === AUTO-PULL �J�n ===
[2026-09-16 12:10:08]   ? docs: �ŐV (�ύX�Ȃ�)
[2026-09-16 12:10:09]   ? fuuchanpapa-artist-site: �ŐV (�ύX�Ȃ�)
[2026-09-16 12:10:10]   ? guitar-vision: �ŐV (�ύX�Ȃ�)
[2026-09-16 12:10:10]   ? karaoke-maker: pull���s (�����̉\������)
[2026-09-16 12:10:12]   ? project-hub: �ŐV (�ύX�Ȃ�)
[2026-09-16 12:10:13]   ? suno-beat-studio: �ŐV (�ύX�Ȃ�)
[2026-09-16 12:10:13]   ? _tools: �ŐV (�ύX�Ȃ�)
[2026-09-16 12:10:13] ?? PULL����: ����=6, ���s=1
[2026-09-16 12:10:13] ?? === AUTO-PUSH �J�n ===
[2026-09-16 12:10:16]   ? _tools: push���� (�ύX1��)
[2026-09-16 12:10:16] ?? PUSH����: push=1, �X�L�b�v=6
[2026-09-16 12:25:07] ?? === AUTO-PULL �J�n ===
[2026-09-16 12:25:08]   ? docs: �ŐV (�ύX�Ȃ�)
[2026-09-16 12:25:09]   ? fuuchanpapa-artist-site: �ŐV (�ύX�Ȃ�)
[2026-09-16 12:25:10]   ? guitar-vision: �ŐV (�ύX�Ȃ�)
[2026-09-16 12:25:10]   ? karaoke-maker: pull���s (�����̉\������)
[2026-09-16 12:25:11]   ? project-hub: �ŐV (�ύX�Ȃ�)
[2026-09-16 12:25:13]   ? suno-beat-studio: �ŐV (�ύX�Ȃ�)
[2026-09-16 12:25:13]   ? _tools: �ŐV (�ύX�Ȃ�)
[2026-09-16 12:25:13] ?? PULL����: ����=6, ���s=1
[2026-09-16 12:25:13] ?? === AUTO-PUSH �J�n ===
[2026-09-16 12:25:16]   ? _tools: push���� (�ύX1��)
[2026-09-16 12:25:16] ?? PUSH����: push=1, �X�L�b�v=6
[2026-09-16 12:40:07] ?? === AUTO-PULL �J�n ===
[2026-09-16 12:40:08]   ? docs: �ŐV (�ύX�Ȃ�)
[2026-09-16 12:40:09]   ? fuuchanpapa-artist-site: �ŐV (�ύX�Ȃ�)
[2026-09-16 12:40:10]   ? guitar-vision: �ŐV (�ύX�Ȃ�)
[2026-09-16 12:40:10]   ? karaoke-maker: pull���s (�����̉\������)
[2026-09-16 12:40:12]   ? project-hub: �ŐV (�ύX�Ȃ�)
[2026-09-16 12:40:13]   ? suno-beat-studio: �ŐV (�ύX�Ȃ�)
[2026-09-16 12:40:13]   ? _tools: �ŐV (�ύX�Ȃ�)
[2026-09-16 12:40:13] ?? PULL����: ����=6, ���s=1
[2026-09-16 12:40:13] ?? === AUTO-PUSH �J�n ===
[2026-09-16 12:40:16]   ? _tools: push���� (�ύX1��)
[2026-09-16 12:40:16] ?? PUSH����: push=1, �X�L�b�v=6
[2026-09-16 12:55:07] ?? === AUTO-PULL �J�n ===
[2026-09-16 12:55:08]   ? docs: �ŐV (�ύX�Ȃ�)
[2026-09-16 12:55:09]   ? fuuchanpapa-artist-site: �ŐV (�ύX�Ȃ�)
[2026-09-16 12:55:10]   ? guitar-vision: �ŐV (�ύX�Ȃ�)
[2026-09-16 12:55:10]   ? karaoke-maker: pull���s (�����̉\������)
[2026-09-16 12:55:11]   ? project-hub: �ŐV (�ύX�Ȃ�)
[2026-09-16 12:55:13]   ? suno-beat-studio: �ŐV (�ύX�Ȃ�)
[2026-09-16 12:55:13]   ? _tools: �ŐV (�ύX�Ȃ�)
[2026-09-16 12:55:13] ?? PULL����: ����=6, ���s=1
[2026-09-16 12:55:13] ?? === AUTO-PUSH �J�n ===
[2026-09-16 12:55:16]   ? _tools: push���� (�ύX1��)
[2026-09-16 12:55:16] ?? PUSH����: push=1, �X�L�b�v=6
[2026-09-16 13:10:07] ?? === AUTO-PULL �J�n ===
[2026-09-16 13:10:08]   ? docs: �ŐV (�ύX�Ȃ�)
[2026-09-16 13:10:09]   ? fuuchanpapa-artist-site: �ŐV (�ύX�Ȃ�)
[2026-09-16 13:10:10]   ? guitar-vision: �ŐV (�ύX�Ȃ�)
[2026-09-16 13:10:10]   ? karaoke-maker: pull���s (�����̉\������)
[2026-09-16 13:10:12]   ? project-hub: �ŐV (�ύX�Ȃ�)
[2026-09-16 13:10:13]   ? suno-beat-studio: �ŐV (�ύX�Ȃ�)
[2026-09-16 13:10:14]   ? _tools: �ŐV (�ύX�Ȃ�)
[2026-09-16 13:10:14] ?? PULL����: ����=6, ���s=1
[2026-09-16 13:10:14] ?? === AUTO-PUSH �J�n ===
[2026-09-16 13:10:16]   ? _tools: push���� (�ύX1��)
[2026-09-16 13:10:16] ?? PUSH����: push=1, �X�L�b�v=6
[2026-09-16 13:25:07] ?? === AUTO-PULL �J�n ===
[2026-09-16 13:25:08]   ? docs: �ŐV (�ύX�Ȃ�)
[2026-09-16 13:25:09]   ? fuuchanpapa-artist-site: �ŐV (�ύX�Ȃ�)
[2026-09-16 13:25:10]   ? guitar-vision: �ŐV (�ύX�Ȃ�)
[2026-09-16 13:25:10]   ? karaoke-maker: pull���s (�����̉\������)
[2026-09-16 13:25:11]   ? project-hub: �ŐV (�ύX�Ȃ�)
[2026-09-16 13:25:13]   ? suno-beat-studio: �ŐV (�ύX�Ȃ�)
[2026-09-16 13:25:13]   ? _tools: �ŐV (�ύX�Ȃ�)
[2026-09-16 13:25:13] ?? PULL����: ����=6, ���s=1
[2026-09-16 13:25:13] ?? === AUTO-PUSH �J�n ===
[2026-09-16 13:25:16]   ? _tools: push���� (�ύX1��)
[2026-09-16 13:25:16] ?? PUSH����: push=1, �X�L�b�v=6
[2026-09-16 13:40:07] ?? === AUTO-PULL �J�n ===
[2026-09-16 13:40:08]   ? docs: �ŐV (�ύX�Ȃ�)
[2026-09-16 13:40:09]   ? fuuchanpapa-artist-site: �ŐV (�ύX�Ȃ�)
[2026-09-16 13:40:10]   ? guitar-vision: �ŐV (�ύX�Ȃ�)
[2026-09-16 13:40:10]   ? karaoke-maker: pull���s (�����̉\������)
[2026-09-16 13:40:12]   ? project-hub: �ŐV (�ύX�Ȃ�)
[2026-09-16 13:40:13]   ? suno-beat-studio: �ŐV (�ύX�Ȃ�)
[2026-09-16 13:40:13]   ? _tools: �ŐV (�ύX�Ȃ�)
[2026-09-16 13:40:13] ?? PULL����: ����=6, ���s=1
[2026-09-16 13:40:13] ?? === AUTO-PUSH �J�n ===
[2026-09-16 13:40:16]   ? _tools: push���� (�ύX1��)
[2026-09-16 13:40:16] ?? PUSH����: push=1, �X�L�b�v=6
[2026-09-16 13:55:07] ?? === AUTO-PULL �J�n ===
[2026-09-16 13:55:08]   ? docs: �ŐV (�ύX�Ȃ�)
[2026-09-16 13:55:09]   ? fuuchanpapa-artist-site: �ŐV (�ύX�Ȃ�)
[2026-09-16 13:55:10]   ? guitar-vision: �ŐV (�ύX�Ȃ�)
[2026-09-16 13:55:10]   ? karaoke-maker: pull���s (�����̉\������)
[2026-09-16 13:55:12]   ? project-hub: �ŐV (�ύX�Ȃ�)
[2026-09-16 13:55:13]   ? suno-beat-studio: �ŐV (�ύX�Ȃ�)
[2026-09-16 13:55:13]   ? _tools: �ŐV (�ύX�Ȃ�)
[2026-09-16 13:55:13] ?? PULL����: ����=6, ���s=1
[2026-09-16 13:55:13] ?? === AUTO-PUSH �J�n ===
[2026-09-16 13:55:16]   ? _tools: push���� (�ύX1��)
[2026-09-16 13:55:16] ?? PUSH����: push=1, �X�L�b�v=6
[2026-09-16 14:10:07] ?? === AUTO-PULL �J�n ===
[2026-09-16 14:10:08]   ? docs: �ŐV (�ύX�Ȃ�)
[2026-09-16 14:10:09]   ? fuuchanpapa-artist-site: �ŐV (�ύX�Ȃ�)
[2026-09-16 14:10:10]   ? guitar-vision: �ŐV (�ύX�Ȃ�)
[2026-09-16 14:10:10]   ? karaoke-maker: pull���s (�����̉\������)
[2026-09-16 14:10:12]   ? project-hub: �ŐV (�ύX�Ȃ�)
[2026-09-16 14:10:13]   ? suno-beat-studio: �ŐV (�ύX�Ȃ�)
[2026-09-16 14:10:13]   ? _tools: �ŐV (�ύX�Ȃ�)
[2026-09-16 14:10:13] ?? PULL����: ����=6, ���s=1
[2026-09-16 14:10:13] ?? === AUTO-PUSH �J�n ===
[2026-09-16 14:10:16]   ? _tools: push���� (�ύX1��)
[2026-09-16 14:10:16] ?? PUSH����: push=1, �X�L�b�v=6
[2026-09-16 14:25:07] ?? === AUTO-PULL �J�n ===
[2026-09-16 14:25:08]   ? docs: �ŐV (�ύX�Ȃ�)
[2026-09-16 14:25:09]   ? fuuchanpapa-artist-site: �ŐV (�ύX�Ȃ�)
[2026-09-16 14:25:10]   ? guitar-vision: �ŐV (�ύX�Ȃ�)
[2026-09-16 14:25:10]   ? karaoke-maker: pull���s (�����̉\������)
[2026-09-16 14:25:12]   ? project-hub: �ŐV (�ύX�Ȃ�)
[2026-09-16 14:25:13]   ? suno-beat-studio: �ŐV (�ύX�Ȃ�)
[2026-09-16 14:25:14]   ? _tools: �ŐV (�ύX�Ȃ�)
[2026-09-16 14:25:14] ?? PULL����: ����=6, ���s=1
[2026-09-16 14:25:14] ?? === AUTO-PUSH �J�n ===
[2026-09-16 14:25:16]   ? _tools: push���� (�ύX1��)
[2026-09-16 14:25:16] ?? PUSH����: push=1, �X�L�b�v=6
[2026-09-16 14:40:07] ?? === AUTO-PULL �J�n ===
[2026-09-16 14:40:08]   ? docs: �ŐV (�ύX�Ȃ�)
[2026-09-16 14:40:09]   ? fuuchanpapa-artist-site: �ŐV (�ύX�Ȃ�)
[2026-09-16 14:40:10]   ? guitar-vision: �ŐV (�ύX�Ȃ�)
[2026-09-16 14:40:10]   ? karaoke-maker: pull���s (�����̉\������)
[2026-09-16 14:40:12]   ? project-hub: �ŐV (�ύX�Ȃ�)
[2026-09-16 14:40:13]   ? suno-beat-studio: �ŐV (�ύX�Ȃ�)
[2026-09-16 14:40:13]   ? _tools: �ŐV (�ύX�Ȃ�)
[2026-09-16 14:40:13] ?? PULL����: ����=6, ���s=1
[2026-09-16 14:40:13] ?? === AUTO-PUSH �J�n ===
[2026-09-16 14:40:16]   ? _tools: push���� (�ύX1��)
[2026-09-16 14:40:16] ?? PUSH����: push=1, �X�L�b�v=6
[2026-09-16 14:55:07] ?? === AUTO-PULL �J�n ===
[2026-09-16 14:55:08]   ? docs: �ŐV (�ύX�Ȃ�)
[2026-09-16 14:55:09]   ? fuuchanpapa-artist-site: �ŐV (�ύX�Ȃ�)
[2026-09-16 14:55:10]   ? guitar-vision: �ŐV (�ύX�Ȃ�)
[2026-09-16 14:55:10]   ? karaoke-maker: pull���s (�����̉\������)
[2026-09-16 14:55:12]   ? project-hub: �ŐV (�ύX�Ȃ�)
[2026-09-16 14:55:13]   ? suno-beat-studio: �ŐV (�ύX�Ȃ�)
[2026-09-16 14:55:13]   ? _tools: �ŐV (�ύX�Ȃ�)
[2026-09-16 14:55:13] ?? PULL����: ����=6, ���s=1
[2026-09-16 14:55:13] ?? === AUTO-PUSH �J�n ===
[2026-09-16 14:55:16]   ? _tools: push���� (�ύX1��)
[2026-09-16 14:55:16] ?? PUSH����: push=1, �X�L�b�v=6
[2026-09-16 15:10:07] ?? === AUTO-PULL �J�n ===
[2026-09-16 15:10:08]   ? docs: �ŐV (�ύX�Ȃ�)
[2026-09-16 15:10:09]   ? fuuchanpapa-artist-site: �ŐV (�ύX�Ȃ�)
[2026-09-16 15:10:10]   ? guitar-vision: �ŐV (�ύX�Ȃ�)
[2026-09-16 15:10:10]   ? karaoke-maker: pull���s (�����̉\������)
[2026-09-16 15:10:12]   ? project-hub: �ŐV (�ύX�Ȃ�)
[2026-09-16 15:10:13]   ? suno-beat-studio: �ŐV (�ύX�Ȃ�)
[2026-09-16 15:10:13]   ? _tools: �ŐV (�ύX�Ȃ�)
[2026-09-16 15:10:13] ?? PULL����: ����=6, ���s=1
[2026-09-16 15:10:13] ?? === AUTO-PUSH �J�n ===
[2026-09-16 15:10:16]   ? _tools: push���� (�ύX1��)
[2026-09-16 15:10:16] ?? PUSH����: push=1, �X�L�b�v=6
[2026-09-16 15:25:07] ?? === AUTO-PULL �J�n ===
[2026-09-16 15:25:08]   ? docs: �ŐV (�ύX�Ȃ�)
[2026-09-16 15:25:09]   ? fuuchanpapa-artist-site: �ŐV (�ύX�Ȃ�)
[2026-09-16 15:25:10]   ? guitar-vision: �ŐV (�ύX�Ȃ�)
[2026-09-16 15:25:10]   ? karaoke-maker: pull���s (�����̉\������)
[2026-09-16 15:25:12]   ? project-hub: �ŐV (�ύX�Ȃ�)
[2026-09-16 15:25:13]   ? suno-beat-studio: �ŐV (�ύX�Ȃ�)
[2026-09-16 15:25:14]   ? _tools: �ŐV (�ύX�Ȃ�)
[2026-09-16 15:25:14] ?? PULL����: ����=6, ���s=1
[2026-09-16 15:25:14] ?? === AUTO-PUSH �J�n ===
[2026-09-16 15:25:16]   ? _tools: push���� (�ύX1��)
[2026-09-16 15:25:16] ?? PUSH����: push=1, �X�L�b�v=6
[2026-09-16 15:40:07] ?? === AUTO-PULL �J�n ===
[2026-09-16 15:40:08]   ? docs: �ŐV (�ύX�Ȃ�)
[2026-09-16 15:40:09]   ? fuuchanpapa-artist-site: �ŐV (�ύX�Ȃ�)
[2026-09-16 15:40:10]   ? guitar-vision: �ŐV (�ύX�Ȃ�)
[2026-09-16 15:40:10]   ? karaoke-maker: pull���s (�����̉\������)
[2026-09-16 15:40:12]   ? project-hub: �ŐV (�ύX�Ȃ�)
[2026-09-16 15:40:13]   ? suno-beat-studio: �ŐV (�ύX�Ȃ�)
[2026-09-16 15:40:14]   ? _tools: �ŐV (�ύX�Ȃ�)
[2026-09-16 15:40:14] ?? PULL����: ����=6, ���s=1
[2026-09-16 15:40:14] ?? === AUTO-PUSH �J�n ===
[2026-09-16 15:40:16]   ? _tools: push���� (�ύX1��)
[2026-09-16 15:40:16] ?? PUSH����: push=1, �X�L�b�v=6
[2026-09-16 15:55:07] ?? === AUTO-PULL �J�n ===
[2026-09-16 15:55:08]   ? docs: �ŐV (�ύX�Ȃ�)
[2026-09-16 15:55:09]   ? fuuchanpapa-artist-site: �ŐV (�ύX�Ȃ�)
[2026-09-16 15:55:10]   ? guitar-vision: �ŐV (�ύX�Ȃ�)
[2026-09-16 15:55:11]   ? karaoke-maker: pull���s (�����̉\������)
[2026-09-16 15:55:12]   ? project-hub: �ŐV (�ύX�Ȃ�)
[2026-09-16 15:55:13]   ? suno-beat-studio: �ŐV (�ύX�Ȃ�)
[2026-09-16 15:55:14]   ? _tools: �ŐV (�ύX�Ȃ�)
[2026-09-16 15:55:14] ?? PULL����: ����=6, ���s=1
[2026-09-16 15:55:14] ?? === AUTO-PUSH �J�n ===
[2026-09-16 15:55:16]   ? _tools: push���� (�ύX1��)
[2026-09-16 15:55:16] ?? PUSH����: push=1, �X�L�b�v=6
[2026-09-16 16:10:07] ?? === AUTO-PULL �J�n ===
[2026-09-16 16:10:08]   ? docs: �ŐV (�ύX�Ȃ�)
[2026-09-16 16:10:09]   ? fuuchanpapa-artist-site: �ŐV (�ύX�Ȃ�)
[2026-09-16 16:10:10]   ? guitar-vision: �ŐV (�ύX�Ȃ�)
[2026-09-16 16:10:10]   ? karaoke-maker: pull���s (�����̉\������)
[2026-09-16 16:10:11]   ? project-hub: �ŐV (�ύX�Ȃ�)
[2026-09-16 16:10:13]   ? suno-beat-studio: �ŐV (�ύX�Ȃ�)
[2026-09-16 16:10:13]   ? _tools: �ŐV (�ύX�Ȃ�)
[2026-09-16 16:10:13] ?? PULL����: ����=6, ���s=1
[2026-09-16 16:10:13] ?? === AUTO-PUSH �J�n ===
[2026-09-16 16:10:16]   ? _tools: push���� (�ύX1��)
[2026-09-16 16:10:16] ?? PUSH����: push=1, �X�L�b�v=6
[2026-09-16 16:25:07] ?? === AUTO-PULL �J�n ===
[2026-09-16 16:25:08]   ? docs: �ŐV (�ύX�Ȃ�)
[2026-09-16 16:25:09]   ? fuuchanpapa-artist-site: �ŐV (�ύX�Ȃ�)
[2026-09-16 16:25:10]   ? guitar-vision: �ŐV (�ύX�Ȃ�)
[2026-09-16 16:25:10]   ? karaoke-maker: pull���s (�����̉\������)
[2026-09-16 16:25:12]   ? project-hub: �ŐV (�ύX�Ȃ�)
[2026-09-16 16:25:13]   ? suno-beat-studio: �ŐV (�ύX�Ȃ�)
[2026-09-16 16:25:14]   ? _tools: �ŐV (�ύX�Ȃ�)
[2026-09-16 16:25:14] ?? PULL����: ����=6, ���s=1
[2026-09-16 16:25:14] ?? === AUTO-PUSH �J�n ===
[2026-09-16 16:25:16]   ? _tools: push���� (�ύX1��)
[2026-09-16 16:25:16] ?? PUSH����: push=1, �X�L�b�v=6
[2026-09-16 16:40:07] ?? === AUTO-PULL �J�n ===
[2026-09-16 16:40:08]   ? docs: �ŐV (�ύX�Ȃ�)
[2026-09-16 16:40:09]   ? fuuchanpapa-artist-site: �ŐV (�ύX�Ȃ�)
[2026-09-16 16:40:10]   ? guitar-vision: �ŐV (�ύX�Ȃ�)
[2026-09-16 16:40:10]   ? karaoke-maker: pull���s (�����̉\������)
[2026-09-16 16:40:12]   ? project-hub: �ŐV (�ύX�Ȃ�)
[2026-09-16 16:40:13]   ? suno-beat-studio: �ŐV (�ύX�Ȃ�)
[2026-09-16 16:40:14]   ? _tools: �ŐV (�ύX�Ȃ�)
[2026-09-16 16:40:14] ?? PULL����: ����=6, ���s=1
[2026-09-16 16:40:14] ?? === AUTO-PUSH �J�n ===
[2026-09-16 16:40:16]   ? _tools: push���� (�ύX1��)
[2026-09-16 16:40:16] ?? PUSH����: push=1, �X�L�b�v=6
[2026-09-16 16:55:07] ?? === AUTO-PULL �J�n ===
[2026-09-16 16:55:08]   ? docs: �ŐV (�ύX�Ȃ�)
[2026-09-16 16:55:09]   ? fuuchanpapa-artist-site: �ŐV (�ύX�Ȃ�)
[2026-09-16 16:55:10]   ? guitar-vision: �ŐV (�ύX�Ȃ�)
[2026-09-16 16:55:11]   ? karaoke-maker: pull���s (�����̉\������)
[2026-09-16 16:55:12]   ? project-hub: �ŐV (�ύX�Ȃ�)
[2026-09-16 16:55:13]   ? suno-beat-studio: �ŐV (�ύX�Ȃ�)
[2026-09-16 16:55:14]   ? _tools: �ŐV (�ύX�Ȃ�)
[2026-09-16 16:55:14] ?? PULL����: ����=6, ���s=1
[2026-09-16 16:55:14] ?? === AUTO-PUSH �J�n ===
[2026-09-16 16:55:16]   ? _tools: push���� (�ύX1��)
[2026-09-16 16:55:16] ?? PUSH����: push=1, �X�L�b�v=6
[2026-09-16 17:10:07] ?? === AUTO-PULL �J�n ===
[2026-09-16 17:10:08]   ? docs: �ŐV (�ύX�Ȃ�)
[2026-09-16 17:10:09]   ? fuuchanpapa-artist-site: �ŐV (�ύX�Ȃ�)
[2026-09-16 17:10:10]   ? guitar-vision: �ŐV (�ύX�Ȃ�)
[2026-09-16 17:10:10]   ? karaoke-maker: pull���s (�����̉\������)
[2026-09-16 17:10:12]   ? project-hub: �ŐV (�ύX�Ȃ�)
[2026-09-16 17:10:13]   ? suno-beat-studio: �ŐV (�ύX�Ȃ�)
[2026-09-16 17:10:14]   ? _tools: �ŐV (�ύX�Ȃ�)
[2026-09-16 17:10:14] ?? PULL����: ����=6, ���s=1
[2026-09-16 17:10:14] ?? === AUTO-PUSH �J�n ===
[2026-09-16 17:10:16]   ? _tools: push���� (�ύX1��)
[2026-09-16 17:10:16] ?? PUSH����: push=1, �X�L�b�v=6
[2026-09-16 17:25:07] ?? === AUTO-PULL �J�n ===
[2026-09-16 17:25:08]   ? docs: �ŐV (�ύX�Ȃ�)
[2026-09-16 17:25:09]   ? fuuchanpapa-artist-site: �ŐV (�ύX�Ȃ�)
[2026-09-16 17:25:10]   ? guitar-vision: �ŐV (�ύX�Ȃ�)
[2026-09-16 17:25:11]   ? karaoke-maker: pull���s (�����̉\������)
[2026-09-16 17:25:12]   ? project-hub: �ŐV (�ύX�Ȃ�)
[2026-09-16 17:25:13]   ? suno-beat-studio: �ŐV (�ύX�Ȃ�)
[2026-09-16 17:25:14]   ? _tools: �ŐV (�ύX�Ȃ�)
[2026-09-16 17:25:14] ?? PULL����: ����=6, ���s=1
[2026-09-16 17:25:14] ?? === AUTO-PUSH �J�n ===
[2026-09-16 17:25:16]   ? _tools: push���� (�ύX1��)
[2026-09-16 17:25:16] ?? PUSH����: push=1, �X�L�b�v=6
[2026-09-16 17:40:07] ?? === AUTO-PULL �J�n ===
[2026-09-16 17:40:08]   ? docs: �ŐV (�ύX�Ȃ�)
[2026-09-16 17:40:09]   ? fuuchanpapa-artist-site: �ŐV (�ύX�Ȃ�)
[2026-09-16 17:40:10]   ? guitar-vision: �ŐV (�ύX�Ȃ�)
[2026-09-16 17:40:10]   ? karaoke-maker: pull���s (�����̉\������)
[2026-09-16 17:40:12]   ? project-hub: �ŐV (�ύX�Ȃ�)
[2026-09-16 17:40:13]   ? suno-beat-studio: �ŐV (�ύX�Ȃ�)
[2026-09-16 17:40:14]   ? _tools: �ŐV (�ύX�Ȃ�)
[2026-09-16 17:40:14] ?? PULL����: ����=6, ���s=1
[2026-09-16 17:40:14] ?? === AUTO-PUSH �J�n ===
[2026-09-16 17:40:16]   ? _tools: push���� (�ύX1��)
[2026-09-16 17:40:16] ?? PUSH����: push=1, �X�L�b�v=6
[2026-09-16 17:55:07] ?? === AUTO-PULL �J�n ===
[2026-09-16 17:55:08]   ? docs: �ŐV (�ύX�Ȃ�)
[2026-09-16 17:55:09]   ? fuuchanpapa-artist-site: �ŐV (�ύX�Ȃ�)
[2026-09-16 17:55:10]   ? guitar-vision: �ŐV (�ύX�Ȃ�)
[2026-09-16 17:55:10]   ? karaoke-maker: pull���s (�����̉\������)
[2026-09-16 17:55:12]   ? project-hub: �ŐV (�ύX�Ȃ�)
[2026-09-16 17:55:13]   ? suno-beat-studio: �ŐV (�ύX�Ȃ�)
[2026-09-16 17:55:13]   ? _tools: �ŐV (�ύX�Ȃ�)
[2026-09-16 17:55:13] ?? PULL����: ����=6, ���s=1
[2026-09-16 17:55:14] ?? === AUTO-PUSH �J�n ===
[2026-09-16 17:55:16]   ? _tools: push���� (�ύX1��)
[2026-09-16 17:55:16] ?? PUSH����: push=1, �X�L�b�v=6
[2026-09-16 18:10:07] ?? === AUTO-PULL �J�n ===
[2026-09-16 18:10:08]   ? docs: �ŐV (�ύX�Ȃ�)
[2026-09-16 18:10:09]   ? fuuchanpapa-artist-site: �ŐV (�ύX�Ȃ�)
[2026-09-16 18:10:10]   ? guitar-vision: �ŐV (�ύX�Ȃ�)
[2026-09-16 18:10:10]   ? karaoke-maker: pull���s (�����̉\������)
[2026-09-16 18:10:12]   ? project-hub: �ŐV (�ύX�Ȃ�)
[2026-09-16 18:10:13]   ? suno-beat-studio: �ŐV (�ύX�Ȃ�)
[2026-09-16 18:10:14]   ? _tools: �ŐV (�ύX�Ȃ�)
[2026-09-16 18:10:14] ?? PULL����: ����=6, ���s=1
[2026-09-16 18:10:14] ?? === AUTO-PUSH �J�n ===
[2026-09-16 18:10:16]   ? _tools: push���� (�ύX1��)
[2026-09-16 18:10:16] ?? PUSH����: push=1, �X�L�b�v=6
[2026-09-16 18:25:07] ?? === AUTO-PULL �J�n ===
[2026-09-16 18:25:08]   ? docs: �ŐV (�ύX�Ȃ�)
[2026-09-16 18:25:10]   ? fuuchanpapa-artist-site: �ŐV (�ύX�Ȃ�)
[2026-09-16 18:25:11]   ? guitar-vision: �ŐV (�ύX�Ȃ�)
[2026-09-16 18:25:11]   ? karaoke-maker: pull���s (�����̉\������)
[2026-09-16 18:25:12]   ? project-hub: �ŐV (�ύX�Ȃ�)
[2026-09-16 18:25:14]   ? suno-beat-studio: �ŐV (�ύX�Ȃ�)
[2026-09-16 18:25:14]   ? _tools: �ŐV (�ύX�Ȃ�)
[2026-09-16 18:25:14] ?? PULL����: ����=6, ���s=1
[2026-09-16 18:25:14] ?? === AUTO-PUSH �J�n ===
[2026-09-16 18:25:17]   ? _tools: push���� (�ύX1��)
[2026-09-16 18:25:17] ?? PUSH����: push=1, �X�L�b�v=6
[2026-09-16 18:40:07] ?? === AUTO-PULL �J�n ===
[2026-09-16 18:40:08]   ? docs: �ŐV (�ύX�Ȃ�)
[2026-09-16 18:40:09]   ? fuuchanpapa-artist-site: �ŐV (�ύX�Ȃ�)
[2026-09-16 18:40:10]   ? guitar-vision: �ŐV (�ύX�Ȃ�)
[2026-09-16 18:40:10]   ? karaoke-maker: pull���s (�����̉\������)
[2026-09-16 18:40:12]   ? project-hub: �ŐV (�ύX�Ȃ�)
[2026-09-16 18:40:13]   ? suno-beat-studio: �ŐV (�ύX�Ȃ�)
[2026-09-16 18:40:14]   ? _tools: �ŐV (�ύX�Ȃ�)
[2026-09-16 18:40:14] ?? PULL����: ����=6, ���s=1
[2026-09-16 18:40:14] ?? === AUTO-PUSH �J�n ===
[2026-09-16 18:40:17]   ? _tools: push���� (�ύX1��)
[2026-09-16 18:40:17] ?? PUSH����: push=1, �X�L�b�v=6
[2026-09-16 18:55:07] ?? === AUTO-PULL �J�n ===
[2026-09-16 18:55:08]   ? docs: �ŐV (�ύX�Ȃ�)
[2026-09-16 18:55:09]   ? fuuchanpapa-artist-site: �ŐV (�ύX�Ȃ�)
[2026-09-16 18:55:10]   ? guitar-vision: �ŐV (�ύX�Ȃ�)
[2026-09-16 18:55:10]   ? karaoke-maker: pull���s (�����̉\������)
[2026-09-16 18:55:12]   ? project-hub: �ŐV (�ύX�Ȃ�)
[2026-09-16 18:55:13]   ? suno-beat-studio: �ŐV (�ύX�Ȃ�)
[2026-09-16 18:55:14]   ? _tools: �ŐV (�ύX�Ȃ�)
[2026-09-16 18:55:14] ?? PULL����: ����=6, ���s=1
[2026-09-16 18:55:14] ?? === AUTO-PUSH �J�n ===
[2026-09-16 18:55:16]   ? _tools: push���� (�ύX1��)
[2026-09-16 18:55:16] ?? PUSH����: push=1, �X�L�b�v=6
[2026-09-16 19:10:07] ?? === AUTO-PULL �J�n ===
[2026-09-16 19:10:08]   ? docs: �ŐV (�ύX�Ȃ�)
[2026-09-16 19:10:09]   ? fuuchanpapa-artist-site: �ŐV (�ύX�Ȃ�)
[2026-09-16 19:10:10]   ? guitar-vision: �ŐV (�ύX�Ȃ�)
[2026-09-16 19:10:11]   ? karaoke-maker: pull���s (�����̉\������)
[2026-09-16 19:10:12]   ? project-hub: �ŐV (�ύX�Ȃ�)
[2026-09-16 19:10:13]   ? suno-beat-studio: �ŐV (�ύX�Ȃ�)
[2026-09-16 19:10:14]   ? _tools: �ŐV (�ύX�Ȃ�)
[2026-09-16 19:10:14] ?? PULL����: ����=6, ���s=1
[2026-09-16 19:10:14] ?? === AUTO-PUSH �J�n ===
[2026-09-16 19:10:16]   ? _tools: push���� (�ύX1��)
[2026-09-16 19:10:16] ?? PUSH����: push=1, �X�L�b�v=6
[2026-09-16 19:25:07] ?? === AUTO-PULL �J�n ===
[2026-09-16 19:25:08]   ? docs: �ŐV (�ύX�Ȃ�)
[2026-09-16 19:25:09]   ? fuuchanpapa-artist-site: �ŐV (�ύX�Ȃ�)
[2026-09-16 19:25:10]   ? guitar-vision: �ŐV (�ύX�Ȃ�)
[2026-09-16 19:25:11]   ? karaoke-maker: pull���s (�����̉\������)
[2026-09-16 19:25:12]   ? project-hub: �ŐV (�ύX�Ȃ�)
[2026-09-16 19:25:13]   ? suno-beat-studio: �ŐV (�ύX�Ȃ�)
[2026-09-16 19:25:14]   ? _tools: �ŐV (�ύX�Ȃ�)
[2026-09-16 19:25:14] ?? PULL����: ����=6, ���s=1
[2026-09-16 19:25:14] ?? === AUTO-PUSH �J�n ===
[2026-09-16 19:25:16]   ? _tools: push���� (�ύX1��)
[2026-09-16 19:25:16] ?? PUSH����: push=1, �X�L�b�v=6
[2026-09-16 19:40:07] ?? === AUTO-PULL �J�n ===
[2026-09-16 19:40:08]   ? docs: �ŐV (�ύX�Ȃ�)
[2026-09-16 19:40:09]   ? fuuchanpapa-artist-site: �ŐV (�ύX�Ȃ�)
[2026-09-16 19:40:10]   ? guitar-vision: �ŐV (�ύX�Ȃ�)
[2026-09-16 19:40:11]   ? karaoke-maker: pull���s (�����̉\������)
[2026-09-16 19:40:12]   ? project-hub: �ŐV (�ύX�Ȃ�)
[2026-09-16 19:40:13]   ? suno-beat-studio: �ŐV (�ύX�Ȃ�)
[2026-09-16 19:40:14]   ? _tools: �ŐV (�ύX�Ȃ�)
[2026-09-16 19:40:14] ?? PULL����: ����=6, ���s=1
[2026-09-16 19:40:14] ?? === AUTO-PUSH �J�n ===
[2026-09-16 19:40:16]   ? _tools: push���� (�ύX1��)
[2026-09-16 19:40:16] ?? PUSH����: push=1, �X�L�b�v=6
[2026-09-16 19:55:07] ?? === AUTO-PULL �J�n ===
[2026-09-16 19:55:08]   ? docs: �ŐV (�ύX�Ȃ�)
[2026-09-16 19:55:09]   ? fuuchanpapa-artist-site: �ŐV (�ύX�Ȃ�)
[2026-09-16 19:55:10]   ? guitar-vision: �ŐV (�ύX�Ȃ�)
[2026-09-16 19:55:11]   ? karaoke-maker: pull���s (�����̉\������)
[2026-09-16 19:55:12]   ? project-hub: �ŐV (�ύX�Ȃ�)
[2026-09-16 19:55:13]   ? suno-beat-studio: �ŐV (�ύX�Ȃ�)
[2026-09-16 19:55:14]   ? _tools: �ŐV (�ύX�Ȃ�)
[2026-09-16 19:55:14] ?? PULL����: ����=6, ���s=1
[2026-09-16 19:55:14] ?? === AUTO-PUSH �J�n ===
[2026-09-16 19:55:16]   ? _tools: push���� (�ύX1��)
[2026-09-16 19:55:16] ?? PUSH����: push=1, �X�L�b�v=6
[2026-09-16 20:10:07] ?? === AUTO-PULL �J�n ===
[2026-09-16 20:10:08]   ? docs: �ŐV (�ύX�Ȃ�)
[2026-09-16 20:10:09]   ? fuuchanpapa-artist-site: �ŐV (�ύX�Ȃ�)
[2026-09-16 20:10:10]   ? guitar-vision: �ŐV (�ύX�Ȃ�)
[2026-09-16 20:10:11]   ? karaoke-maker: pull���s (�����̉\������)
[2026-09-16 20:10:12]   ? project-hub: �ŐV (�ύX�Ȃ�)
[2026-09-16 20:10:13]   ? suno-beat-studio: �ŐV (�ύX�Ȃ�)
[2026-09-16 20:10:14]   ? _tools: �ŐV (�ύX�Ȃ�)
[2026-09-16 20:10:14] ?? PULL����: ����=6, ���s=1
[2026-09-16 20:10:14] ?? === AUTO-PUSH �J�n ===
[2026-09-16 20:10:16]   ? _tools: push���� (�ύX1��)
[2026-09-16 20:10:16] ?? PUSH����: push=1, �X�L�b�v=6
[2026-09-16 20:25:07] ?? === AUTO-PULL �J�n ===
[2026-09-16 20:25:08]   ? docs: �ŐV (�ύX�Ȃ�)
[2026-09-16 20:25:09]   ? fuuchanpapa-artist-site: �ŐV (�ύX�Ȃ�)
[2026-09-16 20:25:11]   ? guitar-vision: �ŐV (�ύX�Ȃ�)
[2026-09-16 20:25:11]   ? karaoke-maker: pull���s (�����̉\������)
[2026-09-16 20:25:12]   ? project-hub: �ŐV (�ύX�Ȃ�)
[2026-09-16 20:25:13]   ? suno-beat-studio: �ŐV (�ύX�Ȃ�)
[2026-09-16 20:25:14]   ? _tools: �ŐV (�ύX�Ȃ�)
[2026-09-16 20:25:14] ?? PULL����: ����=6, ���s=1
[2026-09-16 20:25:14] ?? === AUTO-PUSH �J�n ===
[2026-09-16 20:25:17]   ? _tools: push���� (�ύX1��)
[2026-09-16 20:25:17] ?? PUSH����: push=1, �X�L�b�v=6
[2026-09-16 20:40:07] ?? === AUTO-PULL �J�n ===
[2026-09-16 20:40:08]   ? docs: �ŐV (�ύX�Ȃ�)
[2026-09-16 20:40:09]   ? fuuchanpapa-artist-site: �ŐV (�ύX�Ȃ�)
[2026-09-16 20:40:11]   ? guitar-vision: �ŐV (�ύX�Ȃ�)
[2026-09-16 20:40:11]   ? karaoke-maker: pull���s (�����̉\������)
[2026-09-16 20:40:12]   ? project-hub: �ŐV (�ύX�Ȃ�)
[2026-09-16 20:40:13]   ? suno-beat-studio: �ŐV (�ύX�Ȃ�)
[2026-09-16 20:40:14]   ? _tools: �ŐV (�ύX�Ȃ�)
[2026-09-16 20:40:14] ?? PULL����: ����=6, ���s=1
[2026-09-16 20:40:14] ?? === AUTO-PUSH �J�n ===
[2026-09-16 20:40:16]   ? _tools: push���� (�ύX1��)
[2026-09-16 20:40:16] ?? PUSH����: push=1, �X�L�b�v=6
[2026-09-16 20:55:07] ?? === AUTO-PULL �J�n ===
[2026-09-16 20:55:08]   ? docs: �ŐV (�ύX�Ȃ�)
[2026-09-16 20:55:09]   ? fuuchanpapa-artist-site: �ŐV (�ύX�Ȃ�)
[2026-09-16 20:55:10]   ? guitar-vision: �ŐV (�ύX�Ȃ�)
[2026-09-16 20:55:11]   ? karaoke-maker: pull���s (�����̉\������)
[2026-09-16 20:55:12]   ? project-hub: �ŐV (�ύX�Ȃ�)
[2026-09-16 20:55:13]   ? suno-beat-studio: �ŐV (�ύX�Ȃ�)
[2026-09-16 20:55:14]   ? _tools: �ŐV (�ύX�Ȃ�)
[2026-09-16 20:55:14] ?? PULL����: ����=6, ���s=1
[2026-09-16 20:55:14] ?? === AUTO-PUSH �J�n ===
[2026-09-16 20:55:16]   ? _tools: push���� (�ύX1��)
[2026-09-16 20:55:16] ?? PUSH����: push=1, �X�L�b�v=6
[2026-09-16 21:10:07] ?? === AUTO-PULL �J�n ===
[2026-09-16 21:10:08]   ? docs: �ŐV (�ύX�Ȃ�)
[2026-09-16 21:10:09]   ? fuuchanpapa-artist-site: �ŐV (�ύX�Ȃ�)
[2026-09-16 21:10:10]   ? guitar-vision: �ŐV (�ύX�Ȃ�)
[2026-09-16 21:10:11]   ? karaoke-maker: pull���s (�����̉\������)
[2026-09-16 21:10:12]   ? project-hub: �ŐV (�ύX�Ȃ�)
[2026-09-16 21:10:13]   ? suno-beat-studio: �ŐV (�ύX�Ȃ�)
[2026-09-16 21:10:14]   ? _tools: �ŐV (�ύX�Ȃ�)
[2026-09-16 21:10:14] ?? PULL����: ����=6, ���s=1
[2026-09-16 21:10:14] ?? === AUTO-PUSH �J�n ===
[2026-09-16 21:10:16]   ? _tools: push���� (�ύX1��)
[2026-09-16 21:10:16] ?? PUSH����: push=1, �X�L�b�v=6
[2026-09-16 21:25:07] ?? === AUTO-PULL �J�n ===
[2026-09-16 21:25:08]   ? docs: �ŐV (�ύX�Ȃ�)
[2026-09-16 21:25:09]   ? fuuchanpapa-artist-site: �ŐV (�ύX�Ȃ�)
[2026-09-16 21:25:10]   ? guitar-vision: �ŐV (�ύX�Ȃ�)
[2026-09-16 21:25:11]   ? karaoke-maker: pull���s (�����̉\������)
[2026-09-16 21:25:12]   ? project-hub: �ŐV (�ύX�Ȃ�)
[2026-09-16 21:25:13]   ? suno-beat-studio: �ŐV (�ύX�Ȃ�)
[2026-09-16 21:25:14]   ? _tools: �ŐV (�ύX�Ȃ�)
[2026-09-16 21:25:14] ?? PULL����: ����=6, ���s=1
[2026-09-16 21:25:14] ?? === AUTO-PUSH �J�n ===
[2026-09-16 21:25:16]   ? _tools: push���� (�ύX1��)
[2026-09-16 21:25:16] ?? PUSH����: push=1, �X�L�b�v=6
[2026-09-16 21:40:07] ?? === AUTO-PULL �J�n ===
[2026-09-16 21:40:08]   ? docs: �ŐV (�ύX�Ȃ�)
[2026-09-16 21:40:09]   ? fuuchanpapa-artist-site: �ŐV (�ύX�Ȃ�)
[2026-09-16 21:40:10]   ? guitar-vision: �ŐV (�ύX�Ȃ�)
[2026-09-16 21:40:11]   ? karaoke-maker: pull���s (�����̉\������)
[2026-09-16 21:40:12]   ? project-hub: �ŐV (�ύX�Ȃ�)
[2026-09-16 21:40:13]   ? suno-beat-studio: �ŐV (�ύX�Ȃ�)
[2026-09-16 21:40:14]   ? _tools: �ŐV (�ύX�Ȃ�)
[2026-09-16 21:40:14] ?? PULL����: ����=6, ���s=1
[2026-09-16 21:40:14] ?? === AUTO-PUSH �J�n ===
[2026-09-16 21:40:16]   ? _tools: push���� (�ύX1��)
[2026-09-16 21:40:16] ?? PUSH����: push=1, �X�L�b�v=6
[2026-09-16 21:55:07] ?? === AUTO-PULL �J�n ===
[2026-09-16 21:55:08]   ? docs: �ŐV (�ύX�Ȃ�)
[2026-09-16 21:55:09]   ? fuuchanpapa-artist-site: �ŐV (�ύX�Ȃ�)
[2026-09-16 21:55:11]   ? guitar-vision: �ŐV (�ύX�Ȃ�)
[2026-09-16 21:55:11]   ? karaoke-maker: pull���s (�����̉\������)
[2026-09-16 21:55:12]   ? project-hub: �ŐV (�ύX�Ȃ�)
[2026-09-16 21:55:13]   ? suno-beat-studio: �ŐV (�ύX�Ȃ�)
[2026-09-16 21:55:14]   ? _tools: �ŐV (�ύX�Ȃ�)
[2026-09-16 21:55:14] ?? PULL����: ����=6, ���s=1
[2026-09-16 21:55:14] ?? === AUTO-PUSH �J�n ===
[2026-09-16 21:55:17]   ? _tools: push���� (�ύX1��)
[2026-09-16 21:55:17] ?? PUSH����: push=1, �X�L�b�v=6
[2026-09-16 22:10:07] ?? === AUTO-PULL �J�n ===
[2026-09-16 22:10:08]   ? docs: �ŐV (�ύX�Ȃ�)
[2026-09-16 22:10:09]   ? fuuchanpapa-artist-site: �ŐV (�ύX�Ȃ�)
[2026-09-16 22:10:11]   ? guitar-vision: �ŐV (�ύX�Ȃ�)
[2026-09-16 22:10:11]   ? karaoke-maker: pull���s (�����̉\������)
[2026-09-16 22:10:12]   ? project-hub: �ŐV (�ύX�Ȃ�)
[2026-09-16 22:10:13]   ? suno-beat-studio: �ŐV (�ύX�Ȃ�)
[2026-09-16 22:10:14]   ? _tools: �ŐV (�ύX�Ȃ�)
[2026-09-16 22:10:14] ?? PULL����: ����=6, ���s=1
[2026-09-16 22:10:14] ?? === AUTO-PUSH �J�n ===
[2026-09-16 22:10:16]   ? _tools: push���� (�ύX1��)
[2026-09-16 22:10:16] ?? PUSH����: push=1, �X�L�b�v=6
[2026-09-16 22:25:07] ?? === AUTO-PULL �J�n ===
[2026-09-16 22:25:08]   ? docs: �ŐV (�ύX�Ȃ�)
[2026-09-16 22:25:09]   ? fuuchanpapa-artist-site: �ŐV (�ύX�Ȃ�)
[2026-09-16 22:25:11]   ? guitar-vision: �ŐV (�ύX�Ȃ�)
[2026-09-16 22:25:11]   ? karaoke-maker: pull���s (�����̉\������)
[2026-09-16 22:25:12]   ? project-hub: �ŐV (�ύX�Ȃ�)
[2026-09-16 22:25:13]   ? suno-beat-studio: �ŐV (�ύX�Ȃ�)
[2026-09-16 22:25:14]   ? _tools: �ŐV (�ύX�Ȃ�)
[2026-09-16 22:25:14] ?? PULL����: ����=6, ���s=1
[2026-09-16 22:25:14] ?? === AUTO-PUSH �J�n ===
[2026-09-16 22:25:16]   ? _tools: push���� (�ύX1��)
[2026-09-16 22:25:16] ?? PUSH����: push=1, �X�L�b�v=6
[2026-09-16 22:40:07] ?? === AUTO-PULL �J�n ===
[2026-09-16 22:40:08]   ? docs: �ŐV (�ύX�Ȃ�)
[2026-09-16 22:40:09]   ? fuuchanpapa-artist-site: �ŐV (�ύX�Ȃ�)
[2026-09-16 22:40:11]   ? guitar-vision: �ŐV (�ύX�Ȃ�)
[2026-09-16 22:40:11]   ? karaoke-maker: pull���s (�����̉\������)
[2026-09-16 22:40:12]   ? project-hub: �ŐV (�ύX�Ȃ�)
[2026-09-16 22:40:13]   ? suno-beat-studio: �ŐV (�ύX�Ȃ�)
[2026-09-16 22:40:14]   ? _tools: �ŐV (�ύX�Ȃ�)
[2026-09-16 22:40:14] ?? PULL����: ����=6, ���s=1
[2026-09-16 22:40:14] ?? === AUTO-PUSH �J�n ===
[2026-09-16 22:40:16]   ? _tools: push���� (�ύX1��)
[2026-09-16 22:40:16] ?? PUSH����: push=1, �X�L�b�v=6
[2026-09-16 22:55:07] ?? === AUTO-PULL �J�n ===
[2026-09-16 22:55:08]   ? docs: �ŐV (�ύX�Ȃ�)
[2026-09-16 22:55:09]   ? fuuchanpapa-artist-site: �ŐV (�ύX�Ȃ�)
[2026-09-16 22:55:10]   ? guitar-vision: �ŐV (�ύX�Ȃ�)
[2026-09-16 22:55:11]   ? karaoke-maker: pull���s (�����̉\������)
[2026-09-16 22:55:12]   ? project-hub: �ŐV (�ύX�Ȃ�)
[2026-09-16 22:55:13]   ? suno-beat-studio: �ŐV (�ύX�Ȃ�)
[2026-09-16 22:55:14]   ? _tools: �ŐV (�ύX�Ȃ�)
[2026-09-16 22:55:14] ?? PULL����: ����=6, ���s=1
[2026-09-16 22:55:14] ?? === AUTO-PUSH �J�n ===
[2026-09-16 22:55:20]   ? _tools: push���� (�ύX1��)
[2026-09-16 22:55:20] ?? PUSH����: push=1, �X�L�b�v=6
[2026-09-16 23:10:07] ?? === AUTO-PULL �J�n ===
[2026-09-16 23:10:08]   ? docs: �ŐV (�ύX�Ȃ�)
[2026-09-16 23:10:09]   ? fuuchanpapa-artist-site: �ŐV (�ύX�Ȃ�)
[2026-09-16 23:10:10]   ? guitar-vision: �ŐV (�ύX�Ȃ�)
[2026-09-16 23:10:11]   ? karaoke-maker: pull���s (�����̉\������)
[2026-09-16 23:10:12]   ? project-hub: �ŐV (�ύX�Ȃ�)
[2026-09-16 23:10:13]   ? suno-beat-studio: �ŐV (�ύX�Ȃ�)
[2026-09-16 23:10:14]   ? _tools: �ŐV (�ύX�Ȃ�)
[2026-09-16 23:10:14] ?? PULL����: ����=6, ���s=1
[2026-09-16 23:10:14] ?? === AUTO-PUSH �J�n ===
